Id,Label,timeset
0,USSA,
1,git,
2,javascript,
3,node.js,
4,asynchronous,
5,async-await,
6,fs,
7,leaflet,
8,controls,
9,layer,
10,java,
11,spring,
12,hibernate,
13,mysql,
14,express,
15,xml,
16,xml-parsing,
17,xmllint,
18,regex,
19,python-3.7.4,
20,django,
21,android,
22,android-studio,
23,python-3.x,
24,pbkdf2,
25,reactjs,
26,python,
27,r,
28,model,
29,classification,
30,xgboost,
31,vb6,
32,visual-studio,
33,anaconda,
34,command-line-arguments,
35,python-click,
36,audio,
37,android-ndk,
38,oboe,
39,nuget-package,
40,iframe,
41,cors,
42,xss,
43,binary,
44,kernel,
45,axapta,
46,x++,
47,dynamics-ax-2012,
48,oauth-2.0,
49,azure-active-directory,
50,azure-ad-graph-api,
51,facebook,
52,facebook-graph-api,
53,php,
54,html,
55,css,
56,swift,
57,api,
58,google-maps,
59,openweathermap,
60,loops,
61,join,
62,pyspark,
63,gensim,
64,word-embedding,
65,fasttext,
66,hyperledger-fabric,
67,hyperledger,
68,heroku,
69,gunicorn,
70,asp.net-core,
71,e-commerce,
72,powershell,
73,electron,
74,chocolatey,
75,numpy,
76,standard-deviation,
77,variance,
78,numerical-stability,
79,tags,
80,lead,
81,pyqt5,
82,shapes,
83,qpainter,
84,linux,
85,qsub,
86,apache,
87,httpd.conf,
88,scala,
89,databricks,
90,geolocation,
91,nodemcu,
92,arduino-esp8266,
93,google-geolocation,
94,asp.net,
95,authentication,
96,python-requests,
97,jquery,
98,babel,
99,android-drawable,
100,methods,
101,char,
102,instance,
103,primitive-types,
104,image-uploading,
105,lambda,
106,reference,
107,scoping,
108,rest,
109,delphi,
110,get,
111,coinbase-api,
112,c++,
113,unique-ptr,
114,performance,
115,pandas,
116,scikit-learn,
117,nlp,
118,naivebayes,
119,email,
120,sendgrid,
121,xcode,
122,unity3d,
123,build,
124,discord.js,
125,arrays,
126,button,
127,windows,
128,mamp,
129,angularjs,
130,ng-submit,
131,iterator,
132,c#,
133,httpclient,
134,.htaccess,
135,ggplot2,
136,firebase,
137,pytest,
138,pytest-html,
139,ios,
140,angular,
141,background,
142,nativescript,
143,qt,
144,pyqt,
145,c,
146,multithreading,
147,pthreads,
148,xamarin,
149,xamarin.forms,
150,eclipse,
151,celery,
152,airflow,
153,rxjs,
154,observable,
155,excel-vba,
156,multidimensional-array,
157,switch-statement,
158,indexoutofboundsexception,
159,assembly,
160,64-bit,
161,fasm,
162,clone,
163,gridsearchcv,
164,go,
165,race-condition,
166,react-native,
167,fonts,
168,expo,
169,reactiveui,
170,splat,
171,dependency-injection,
172,binding,
173,guice,
174,show-hide,
175,wordpress,
176,forms,
177,codeigniter,
178,integration,
179,assemblies,
180,excel,
181,vba,
182,bokeh,
183,laravel,
184,.net-core,
185,mstest,
186,web,
187,svg,
188,icons,
189,inkscape,
190,arguments,
191,animation,
192,styled-components,
193,comments,
194,database,
195,ms-access,
196,multiple-choice,
197,generate,
198,amazon-web-services,
199,amazon-ec2,
200,aws-lambda,
201,microservices,
202,aws-iot,
203,neo4j,
204,cypher,
205,neo4j-apoc,
206,install,
207,stack-overflow,
208,beautifulsoup,
209,realloc,
210,cmake,
211,mariadb,
212,mariadb-10.4,
213,post,
214,http-post,
215,postman,
216,swiftui,
217,http-status-codes,
218,sql,
219,visual-studio-2019,
220,java.util.scanner,
221,jpa,
222,docker,
223,docker-compose,
224,environment-variables,
225,docker-swarm,
226,spring-boot,
227,java-8,
228,networking,
229,scanning,
230,inet,
231,ifconfig,
232,d3.js,
233,user-interface,
234,matplotlib,
235,tkinter,
236,game-development,
237,pixi.js,
238,capybara,
239,rspec-rails,
240,iphone,
241,ios13,
242,ios12,
243,quicklook,
244,clion,
245,semantic-ui,
246,outer-join,
247,swift2,
248,wkwebview,
249,swiftui-list,
250,discord,
251,conv-neural-network,
252,pytorch,
253,django-rest-framework,
254,django-allauth,
255,django-rest-auth,
256,android-intent,
257,android-activity,
258,memory-management,
259,web-development-server,
260,vue.js,
261,element-ui,
262,ansible,
263,ansible-2.x,
264,ansible-inventory,
265,ansible-facts,
266,precision,
267,solver,
268,cvxpy,
269,convex-optimization,
270,junit,
271,jndi,
272,junit5,
273,sqlalchemy,
274,bootstrap-4,
275,bootstrap-modal,
276,azure-sql-database,
277,azure-cosmosdb,
278,azure-data-factory-2,
279,decimal,
280,github,
281,github-pages,
282,wiki,
283,offset,
284,transpose,
285,csv,
286,apache-spark,
287,apache-spark-sql,
288,rust,
289,string,
290,constructor,
291,instance-variables,
292,maven,
293,ecmascript-6,
294,validation,
295,google-sheets,
296,pivot-table,
297,google-sheets-formula,
298,calculated-field,
299,google-apps-script,
300,excel-2010,
301,excel-2007,
302,json,
303,real-time,
304,azure,
305,azure-devops,
306,cloud,
307,azure-cloud-services,
308,react-hooks,
309,react-context,
310,function,
311,parameters,
312,macros,
313,autohotkey,
314,artifactory,
315,networkx,
316,graph-theory,
317,functional-programming,
318,boolean,
319,racket,
320,bitbucket,
321,sony,
322,libgphoto2,
323,asp.net-mvc,
324,razor,
325,highcharts,
326,grid,
327,openshift,
328,julia,
329,unit-testing,
330,inheritance,
331,tdd,
332,associations,
333,ruby-on-rails,
334,ruby,
335,parsing,
336,reportbuilder3.0,
337,amazon-elastic-beanstalk,
338,kubernetes,
339,project-calico,
340,elasticsearch,
341,scheme,
342,hadoop,
343,hadoop-streaming,
344,class,
345,testing,
346,nlog,
347,google-chrome,
348,protractor,
349,websocket,
350,socket.io,
351,passport.js,
352,nestjs,
353,woocommerce,
354,hook,
355,transactions,
356,bitcoin,
357,fee,
358,dplyr,
359,settimeout,
360,flask,
361,redis,
362,redistogo,
363,python-2.7,
364,list,
365,tuples,
366,mips,
367,mars-simulator,
368,canvas,
369,imageview,
370,pinchzoom,
371,translate-animation,
372,exception,
373,x86,
374,access,
375,writing,
376,tensorflow,
377,machine-learning,
378,keras,
379,deep-learning,
380,artificial-intelligence,
381,bash,
382,unix,
383,awk,
384,sed,
385,fetch,
386,categories,
387,if-statement,
388,aws-glue,
389,aws-glue-data-catalog,
390,file,
391,operating-system,
392,dup,
393,selenium,
394,uml,
395,entity,
396,erd,
397,google-analytics,
398,google-analytics-api,
399,angular-routing,
400,jsp,
401,jstl,
402,websphere,
403,webgl,
404,mod,
405,coin-change,
406,cpython,
407,division,
408,paradox,
409,recursion,
410,scipy,
411,prolog,
412,swi-prolog,
413,sharedpreferences,
414,volttron,
415,bluetooth,
416,arduino-uno,
417,nan,
418,moving-average,
419,rolling-computation,
420,testcafe,
421,codeigniter-3,
422,ubuntu,
423,salt-stack,
424,rackspace-cloud,
425,rackspace,
426,salt-cloud,
427,algorithm,
428,caching,
429,c++17,
430,string-view,
431,directx-11,
432,metal,
433,hlsl,
434,python-import,
435,python-importlib,
436,quantopian,
437,macos,
438,jquery-select2,
439,smalltalk,
440,pharo,
441,dom,
442,google-tag-manager,
443,routing,
444,react-router,
445,uikit,
446,nslayoutconstraint,
447,graphics,
448,crash,
449,jogl,
450,flutter,
451,dart,
452,google-cloud-firestore,
453,global-variables,
454,hosting,
455,cname,
456,initialization,
457,designated-initializer,
458,sorting,
459,google-app-engine,
460,cron,
461,upgrade,
462,cx-oracle,
463,lstm,
464,reinforcement-learning,
465,visual-studio-2017,
466,asp.net-core-2.0,
467,iis-express,
468,sympy,
469,seaborn,
470,google-colaboratory,
471,pandas-profiling,
472,kotlin,
473,extraction,
474,contains,
475,spring-security,
476,exoplayer2.x,
477,dijkstra,
478,a-star,
479,scrapy,
480,css-selectors,
481,parsel,
482,neural-network,
483,transformer,
484,seq2seq,
485,selenium-webdriver,
486,xpath,
487,typescript,
488,typescript-generics,
489,oracle,
490,snowflake-datawarehouse,
491,command-line,
492,version,
493,next.js,
494,ssr,
495,augmented-reality,
496,arcore,
497,spark-ar-studio,
498,wolfram-mathematica,
499,mathlink,
500,snowflake-connector-python,
501,android-jetpack,
502,android-jetpack-compose,
503,asp.net-mvc-5,
504,laravel-5,
505,ms-word,
506,ms-office,
507,add-on,
508,graphql,
509,apollo,
510,pdfkit,
511,ngfor,
512,shopify,
513,shopify-app,
514,react-select,
515,react-final-form,
516,arraylist,
517,hashmap,
518,java-stream,
519,quickbooks,
520,slf4j,
521,slf4j-api,
522,uitextfield,
523,swift4,
524,powerbi,
525,dax,
526,powerbi-desktop,
527,redirect,
528,haskell,
529,ghc,
530,type-variables,
531,type-kinds,
532,type-constructor,
533,postgresql,
534,crosstab,
535,postgresql-11,
536,ionic-framework,
537,ionic2,
538,ionic3,
539,safearealayoutguide,
540,android-cutout,
541,embedded,
542,object,
543,abstract,
544,jquery.repeater,
545,stored-procedures,
546,procedure,
547,amazon-eks,
548,aws-organizations,
549,fedora,
550,gnome,
551,gdm,
552,entity-framework-core,
553,asp.net-core-webapi,
554,pyqt4,
555,qwebview,
556,folium,
557,qwebkit,
558,c++11,
559,boost-variant,
560,angular-reactive-forms,
561,java.util.concurrent,
562,threadpoolexecutor,
563,recursive-datastructures,
564,odoo,
565,odoo-12,
566,flutter-layout,
567,flutter-dependencies,
568,flutter-animation,
569,openssl,
570,compiler-errors,
571,payment,
572,telegram,
573,telegram-bot,
574,applepay,
575,share,
576,python-3.7,
577,amazon-s3,
578,amazon-ecs,
579,aws-fargate,
580,android-emulator,
581,amibroker,
582,merge,
583,match,
584,assign,
585,ag-grid,
586,magento2,
587,authorize.net,
588,geocoding,
589,offline-mode,
590,momentjs,
591,question-answering,
592,omr,
593,speech-recognition,
594,naudio,
595,microsoft-speech-platform,
596,migration,
597,openjdk-12,
598,handlebars.js,
599,kaizala,
600,opentok,
601,onclick,
602,youtube-api,
603,youtube-iframe-api,
604,bit-manipulation,
605,byte,
606,bit,
607,byte-shifting,
608,amazon-sagemaker,
609,counter,
610,session-timeout,
611,freeradius,
612,mikrotik,
613,raspberry-pi,
614,remote-server,
615,sails.js,
616,sails.io.js,
617,timestamp,
618,cmusphinx,
619,pocketsphinx,
620,ssl,
621,nexus,
622,sonatype,
623,nexus3,
624,outlook,
625,outlook-addin,
626,office-js,
627,outlook-web-addins,
628,recycler-adapter,
629,clickablespan,
630,blueprism,
631,cluster-computing,
632,minikube,
633,sub-array,
634,sass,
635,scss-mixins,
636,sequelize.js,
637,sequelize-typescript,
638,sequelize-auto,
639,ionic4,
640,cryptography,
641,chilkat,
642,google-cloud-storage,
643,events,
644,formik,
645,eval,
646,lexical-scope,
647,non-standard-evaluation,
648,date,
649,strtotime,
650,io,
651,popen,
652,google-cloud-platform,
653,nltk,
654,communication,
655,connect,
656,laravel-5.8,
657,teradata,
658,teradata-sql-assistant,
659,pid-controller,
660,save,
661,random-forest,
662,dataframe,
663,null,
664,aws-step-functions,
665,push-notification,
666,acumatica,
667,bison,
668,yacc,
669,oracle-sqldeveloper,
670,mongodb,
671,pymongo,
672,spring-cloud,
673,apache-kafka,
674,spark-streaming-kafka,
675,google-kubernetes-engine,
676,smoke-testing,
677,while-loop,
678,arduino,
679,break,
680,build.gradle,
681,retrolambda,
682,sapui5,
683,google-play,
684,android-security,
685,google-cloud-dataproc,
686,airflow-operator,
687,libc++,
688,cross-platform,
689,go-packages,
690,prometheus,
691,sdk,
692,android-source,
693,log4j,
694,apache-httpclient-4.x,
695,amazon-cloudwatch,
696,antd,
697,npm,
698,command-line-interface,
699,zurb-foundation,
700,jenkins,
701,jenkins-pipeline,
702,service,
703,nullpointerexception,
704,objective-c,
705,reactive-cocoa,
706,tar,
707,divide-and-conquer,
708,inversion,
709,linked-list,
710,transformation,
711,twitter-bootstrap,
712,jsonschema,
713,json-schema-validator,
714,usb,
715,ubuntu-14.04,
716,embedded-linux,
717,wikipedia,
718,math,
719,distribution,
720,ssh,
721,colors,
722,perl,
723,web-scraping,
724,crawlera,
725,ajax,
726,cookies,
727,nsurlprotocol,
728,restriction,
729,react-navigation,
730,identityserver4,
731,routes,
732,nscoding,
733,html-table,
734,varnish,
735,vcl,
736,int,
737,opengl-es,
738,arm,
739,fragment-shader,
740,imx6,
741,mysqli,
742,html2canvas,
743,azure-blockchain-workbench,
744,azureblockchainservice,
745,.net,
746,ace-editor,
747,servlets,
748,filter,
749,http-headers,
750,interceptor,
751,webfonts,
752,construct-2,
753,vb.net,
754,registry,
755,botframework,
756,direct-line-botframework,
757,jsch,
758,android-sqlite,
759,aggregate,
760,qchart,
761,http,
762,real-time-updates,
763,android-workmanager,
764,swift5.1,
765,vector,
766,django-models,
767,django-views,
768,django-serializer,
769,architecture,
770,android-fullscreen,
771,xcode11,
772,localauthentication,
773,react-native-android,
774,payment-gateway,
775,paypal-sandbox,
776,search,
777,seo,
778,web-crawler,
779,react-native-flatlist,
780,for-loop,
781,xamarin.uwp,
782,gcc,
783,googletest,
784,elf,
785,mvvm,
786,telerik,
787,matlab,
788,environment,
789,permission-denied,
790,word-automation,
791,uicollectionview,
792,uicollectionviewcell,
793,numbers,
794,relational-algebra,
795,filezilla,
796,digital,
797,ocean,
798,entity-framework,
799,asp.net-web-api,
800,yii2,
801,servicenow,
802,sql-server,
803,android-room,
804,android-paging,
805,dynamic,
806,charts,
807,sinon,
808,sinon-chai,
809,split,
810,rename,
811,jestjs,
812,mysql-workbench,
813,redux,
814,promise,
815,debounce,
816,launcher,
817,android-launcher,
818,user-defined-functions,
819,header-files,
820,factory,
821,seed,
822,lookup,
823,sql-execution-plan,
824,database-cursor,
825,slug,
826,nosql,
827,ocr,
828,tesseract,
829,curl,
830,winforms,
831,angular-material,
832,angular8,
833,url-rewriting,
834,web-config,
835,duplicates,
836,frequency,
837,dice,
838,github-actions,
839,python-3.8,
840,dataset,
841,smote,
842,dom-events,
843,bootstrap-table,
844,tensorflow2.0,
845,countif,
846,combinations,
847,bootstrap-vue,
848,kibana,
849,elastic-stack,
850,soap,
851,cxf,
852,azure-functions,
853,maccatalyst,
854,openlayers-3,
855,linq,
856,encryption,
857,database-connection,
858,identity,
859,roles,
860,gnuradio,
861,gnuradio-companion,
862,usrp,
863,uhd,
864,python-module,
865,nonetype,
866,vuejs2,
867,multiprocessing,
868,pool,
869,flask-sqlalchemy,
870,flask-wtforms,
871,message-queue,
872,publish-subscribe,
873,shell,
874,firefox,
875,tomcat8,
876,slider,
877,logging,
878,logrotate,
879,sum,
880,pandas-groupby,
881,boost,
882,mnist,
883,noise,
884,isolation-level,
885,transaction-isolation,
886,photon,
887,ffmpeg,
888,closed-captions,
889,server,
890,debian,
891,digital-ocean,
892,vpn,
893,openvpn,
894,driver,
895,osdev,
896,ahci,
897,.net-core-3.0,
898,asp.net-core-3.0,
899,mysql-backup,
900,ef-core-3.0,
901,adobe,
902,tablet,
903,simulink,
904,sensor,
905,proximitysensor,
906,react-apollo,
907,apollo-client,
908,cocos2d-x-3.17,
909,data-structures,
910,binary-tree,
911,contenteditable,
912,out-of-memory,
913,line-drawing,
914,wsdl,
915,blender,
916,bpy,
917,rstudio,
918,rstudio-server,
919,pygame,
920,android-listview,
921,android-spinner,
922,twig,
923,octobercms,
924,opencv,
925,decoding,
926,angular7,
927,delphi-7,
928,rx-swift,
929,triggers,
930,automation,
931,jasmine,
932,tomcat,
933,war,
934,catalina,
935,store,
936,review,
937,continuous-deployment,
938,azure-kubernetes,
939,nginx,
940,single-sign-on,
941,reverse-proxy,
942,unmanaged,
943,multimedia,
944,winmm,
945,sprite-kit,
946,swift5,
947,skvideonode,
948,azure-service-fabric,
949,nashorn,
950,asp.net-identity,
951,provider,
952,data-protection,
953,contact-form-7,
954,apollo-cache-inmemory,
955,swagger-ui,
956,springfox,
957,django-forms,
958,puzzle,
959,spark-structured-streaming,
960,xcode-storyboard,
961,react-router-v4,
962,react-router-dom,
963,instagram,
964,hashtag,
965,user-tracking,
966,autodesk-forge,
967,sqlite,
968,datatable,
969,material-ui,
970,bootstrapvalidator,
971,burp,
972,purrr,
973,tibble,
974,aws-sdk,
975,alamofire,
976,codable,
977,cron-task,
978,logstash,
979,mobile,
980,listview,
981,scroll,
982,iis,
983,intranet,
984,self-signed-certificate,
985,google-drive-api,
986,google-drive-android-api,
987,google-play-games,
988,sonarqube,
989,sonar-runner,
990,sonarqube5.1,
991,android-layout,
992,deobfuscation,
993,gradle,
994,jdbctemplate,
995,database-indexes,
996,kubernetes-helm,
997,javascript-events,
998,event-handling,
999,package,
1000,android-permissions,
1001,filebeat,
1002,gzip,
1003,tcpclient,
1004,apache-kafka-streams,
1005,frontend,
1006,python-docx,
1007,hive,
1008,azure-data-lake,
1009,dataflow,
1010,format,
1011,renderscript,
1012,android-renderscript,
1013,xamarin.ios,
1014,drag-and-drop,
1015,angular-cdk-virtual-scroll,
1016,mapping,
1017,warehouse,
1018,tabs,
1019,qt5,
1020,using,
1021,android-gradle-plugin,
1022,android-sdk-tools,
1023,android-sdk-manager,
1024,form-control,
1025,writable,
1026,object-properties,
1027,readable,
1028,tensor,
1029,tensorflow-estimator,
1030,templates,
1031,pointer-to-member,
1032,wordpress-theming,
1033,tree,
1034,trie,
1035,image-processing,
1036,data-extraction,
1037,hsv,
1038,color-tracking,
1039,opendaylight,
1040,netconf,
1041,dotnetbrowser,
1042,lxml,
1043,windows-10-iot-core,
1044,uiview,
1045,memory-leaks,
1046,automatic-ref-counting,
1047,uiviewanimation,
1048,akka,
1049,akka-http,
1050,ftp,
1051,computer-vision,
1052,face-detection,
1053,face-recognition,
1054,openfaces,
1055,jupyter,
1056,alpine,
1057,firebase-authentication,
1058,browser,
1059,netty,
1060,reactor-netty,
1061,parameter-passing,
1062,mysql-python,
1063,out,
1064,quill,
1065,uiwebview,
1066,calendar,
1067,lotusscript,
1068,mongoose,
1069,ios13.1.2,
1070,asp.net-core-2.2,
1071,r-markdown,
1072,image-stitching,
1073,opencv-stitching,
1074,stitch,
1075,ironpython,
1076,iar,
1077,circleci,
1078,intellij-idea,
1079,ide,
1080,eslint,
1081,autoformatting,
1082,android-coordinatorlayout,
1083,supportmapfragment,
1084,display,
1085,treeview,
1086,excel-formula,
1087,apache-kafka-connect,
1088,confluent,
1089,react-testing-library,
1090,react-test-renderer,
1091,media-source,
1092,featuretools,
1093,feature-engineering,
1094,laravel-6,
1095,gruntjs,
1096,cucumber,
1097,cucumberjs,
1098,grunt-contrib-jshint,
1099,azure-monitoring,
1100,azure-sdk,
1101,azure-sdk-python,
1102,types,
1103,short,
1104,ember.js,
1105,ember-simple-auth,
1106,ember-testing,
1107,timezone,
1108,alphavantage,
1109,export-to-csv,
1110,sqlsrv,
1111,sql-server-2012-express,
1112,mybatis,
1113,spark-streaming,
1114,kafka-consumer-api,
1115,chart.js,
1116,chartjs-plugin-zoom,
1117,variables,
1118,path-parameter,
1119,tsql,
1120,userdefaults,
1121,adventure,
1122,spline,
1123,db2,
1124,android-service,
1125,google-places-api,
1126,wpf,
1127,copy-paste,
1128,boto3,
1129,amazon-cloudwatchlogs,
1130,cgi,
1131,batch-file,
1132,operands,
1133,tcsh,
1134,photo-upload,
1135,range,
1136,openpyxl,
1137,array-formulas,
1138,google-sheets-importxml,
1139,webdriver,
1140,webdriverwait,
1141,vectorization,
1142,xmlhttprequest,
1143,anti-patterns,
1144,pdf,
1145,scalatest,
1146,sample,
1147,seq,
1148,mapply,
1149,composer-php,
1150,craftcms,
1151,spring-mvc,
1152,ssms,
1153,sql-server-2019,
1154,data-conversion,
1155,format-conversion,
1156,exe,
1157,generics,
1158,hyperledger-fabric-ca,
1159,foreach,
1160,eloquent,
1161,stata,
1162,recode,
1163,reportportal,
1164,autodesk,
1165,autodesk-model-derivative,
1166,autodesk-data-management,
1167,datetime,
1168,datetimeoffset,
1169,analytics,
1170,verify,
1171,ownership,
1172,winapi,
1173,readprocessmemory,
1174,autodesk-viewer,
1175,rdd,
1176,android-constraintlayout,
1177,inflate-exception,
1178,properties,
1179,dependencies,
1180,custom-controls,
1181,scalar,
1182,dropdown,
1183,overlapping,
1184,unique,
1185,avro,
1186,orc,
1187,aruco,
1188,axios,
1189,redux-observable,
1190,jira,
1191,activerecord,
1192,redmine,
1193,redmine-plugins,
1194,struct,
1195,nodemailer,
1196,bcrypt,
1197,mockito,
1198,spring-batch,
1199,caliburn.micro,
1200,timeout,
1201,locking,
1202,ddl,
1203,hang,
1204,spotipy,
1205,tapestry,
1206,python-pptx,
1207,android-recyclerview,
1208,datarow,
1209,twitter,
1210,tweepy,
1211,statistics,
1212,linear-regression,
1213,statsmodels,
1214,pcm,
1215,audiotrack,
1216,xslt,
1217,aws-amplify,
1218,nativescript-angular,
1219,datetimepicker,
1220,grid-layout,
1221,entity-framework-migrations,
1222,javafx,
1223,pointers,
1224,cs50,
1225,vigenere,
1226,comparable,
1227,azure-app-service-envrmnt,
1228,os.path,
1229,floating-point,
1230,billing,
1231,dictionary,
1232,implementation,
1233,glibc,
1234,entity-framework-6,
1235,size,
1236,web-component,
1237,glimmer.js,
1238,ember-octane,
1239,safari,
1240,spring-cloud-sleuth,
1241,opentracing,
1242,apple-watch,
1243,watch-os-6,
1244,amazon-cloudfront,
1245,scanf,
1246,x86-64,
1247,nasm,
1248,calling-convention,
1249,plotly-python,
1250,plotly-express,
1251,mapreduce,
1252,hdfs,
1253,maya,
1254,private,
1255,accessor,
1256,combobox,
1257,motionevent,
1258,spring-cloud-connectors,
1259,advanced-custom-fields,
1260,iteration,
1261,cluster-analysis,
1262,correlation,
1263,recurring-events,
1264,sqlite.swift,
1265,reactive-programming,
1266,spring-webflux,
1267,project-reactor,
1268,nested,
1269,chi-squared,
1270,log-likelihood,
1271,pycharm,
1272,hint,
1273,density-plot,
1274,request,
1275,vuex,
1276,vuetify.js,
1277,flask-session,
1278,praw,
1279,macbookpro-touch-bar,
1280,js-xlsx,
1281,docker-registry,
1282,mern,
1283,hardware,
1284,boot,
1285,bios,
1286,pci-e,
1287,bus,
1288,mixins,
1289,django-class-based-views,
1290,pca,
1291,where-clause,
1292,operator-keyword,
1293,certificate,
1294,apk,
1295,android-manifest,
1296,apple-push-notifications,
1297,nhibernate,
1298,queryover,
1299,google-cloud-dataflow,
1300,apache-beam,
1301,pytest-django,
1302,module,
1303,textarea,
1304,google-cloud-vision,
1305,amazon-rekognition,
1306,flutter-test,
1307,amazon-quicksight,
1308,traefik,
1309,traefik-ingress,
1310,kubernetes-apiserver,
1311,urllib3,
1312,visual-studio-code,
1313,vscode-settings,
1314,data-visualization,
1315,forecasting,
1316,doparallel,
1317,bixby,
1318,ssl-certificate,
1319,nmap,
1320,spring-mvc-test,
1321,volatile,
1322,void-pointers,
1323,object-detection-api,
1324,supervised-learning,
1325,javafx-8,
1326,aws-serverless,
1327,flutter-plugin,
1328,bioinformatics,
1329,plyr,
1330,lowercase,
1331,devexpress,
1332,frameworks,
1333,google-maps-sdk-ios,
1334,fibonacci,
1335,screenshot,
1336,pyautogui,
1337,bitwise-operators,
1338,rxjs6,
1339,rxjs-observables,
1340,fetch-api,
1341,sonarqube-scan,
1342,cpu-usage,
1343,mongodb-compass,
1344,internationalization,
1345,sonarlint,
1346,sonarlint-vs,
1347,typeerror,
1348,sharepoint,
1349,selinux,
1350,compression,
1351,lossless-compression,
1352,semantic-ui-react,
1353,parallel-processing,
1354,grid-search,
1355,view,
1356,controller,
1357,paginate,
1358,parent-child,
1359,desktop-application,
1360,phpstorm,
1361,puppet,
1362,image,
1363,winston,
1364,shiny,
1365,security,
1366,cisco,
1367,cisco-ios,
1368,ruby-on-rails-5,
1369,phpmyadmin,
1370,adminlte,
1371,error-handling,
1372,scons,
1373,godot,
1374,state,
1375,prediction,
1376,factors,
1377,proxy,
1378,avfoundation,
1379,razor-pages,
1380,asp.net-core-middleware,
1381,port,
1382,forward,
1383,forwarding,
1384,ubuntu-16.04,
1385,linux-device-driver,
1386,pcsc,
1387,ruby-on-rails-4,
1388,file-upload,
1389,carrierwave,
1390,video,
1391,random-effects,
1392,hierarchical-bayesian,
1393,etl,
1394,schema,
1395,translation,
1396,adb,
1397,clock,
1398,android-9.0-pie,
1399,roaming,
1400,clean-css,
1401,interprocess,
1402,google-calendar-api,
1403,groovy,
1404,swagger,
1405,micronaut,
1406,kerberos,
1407,manage.py,
1408,linear-programming,
1409,gams-math,
1410,concurrency,
1411,plotly,
1412,bazel,
1413,posix,
1414,libraries,
1415,nltk-book,
1416,stl,
1417,nodes,
1418,netlogo,
1419,active-directory,
1420,redhat,
1421,liquid,
1422,google-sheets-api,
1423,itertools,
1424,ascii,
1425,waveform,
1426,google-cloud-functions,
1427,styling,
1428,gatsby,
1429,drop-down-menu,
1430,z-order,
1431,yarn,
1432,sqoop,
1433,amazon-emr,
1434,h2o,
1435,automl,
1436,jinja2,
1437,confluent-platform,
1438,session,
1439,model-view-controller,
1440,webforms,
1441,forms-authentication,
1442,centos,
1443,node-mysql2,
1444,typescript-compiler-api,
1445,audio-player,
1446,android-audiomanager,
1447,differential-evolution,
1448,text,
1449,call,
1450,root,
1451,recording,
1452,vb4android,
1453,angularfire2,
1454,django-authentication,
1455,reset-password,
1456,autoencoder,
1457,azure-cosmosdb-mongoapi,
1458,whatsapp,
1459,perceptron,
1460,q-learning,
1461,fxml,
1462,aggregation-framework,
1463,bouncycastle,
1464,multiline,
1465,centering,
1466,reporting-services,
1467,angular-forms,
1468,firebase-cli,
1469,ipywidgets,
1470,globals,
1471,local-storage,
1472,session-storage,
1473,react-redux,
1474,react-props,
1475,salesforce,
1476,symfony4,
1477,drupal,
1478,drupal-7,
1479,responsive-design,
1480,rsync,
1481,cp,
1482,angular5,
1483,fancybox,
1484,google-bigquery,
1485,apache-nifi,
1486,dockerfile,
1487,vue-cli,
1488,aes,
1489,c++14,
1490,simpledateformat,
1491,strftime,
1492,gallery,
1493,live,
1494,page-refresh,
1495,mute,
1496,deadlock,
1497,semaphore,
1498,starvation,
1499,git-submodules,
1500,git-pull,
1501,microphone,
1502,gethostbyaddr,
1503,tidyverse,
1504,unicode,
1505,exec,
1506,apache-tika,
1507,shell-exec,
1508,histogram,
1509,imagej,
1510,wildfly,
1511,web-services,
1512,collections,
1513,google-translate,
1514,google-cloud-build,
1515,oop,
1516,dynamic-properties,
1517,aspect,
1518,codefluent,
1519,voyager,
1520,passenger,
1521,token,
1522,sequence,
1523,n-gram,
1524,diff,
1525,shift,
1526,random,
1527,busy-waiting,
1528,automated-tests,
1529,temporary-files,
1530,image-compression,
1531,xsd,
1532,html-lists,
1533,alsa,
1534,libsndfile,
1535,fo-dicom,
1536,internet-explorer,
1537,process,
1538,karate,
1539,amazon-dynamodb,
1540,amazon-cloudformation,
1541,secondary-indexes,
1542,training-data,
1543,lstm-stateful,
1544,updatebatchsize,
1545,android-mediaplayer,
1546,android-videoview,
1547,calculation,
1548,html5-canvas,
1549,introspection,
1550,kubernetes-ingress,
1551,in-app-update,
1552,google-play-core,
1553,centos6,
1554,node-red,
1555,responsive,
1556,segmentation-fault,
1557,strlen,
1558,entity-relationship,
1559,vert.x,
1560,xcode11.1,
1561,node-modules,
1562,sh,
1563,moya,
1564,sockets,
1565,ant-design-pro,
1566,time,
1567,binaryfiles,
1568,imgur,
1569,clickhouse,
1570,powerpoint,
1571,slideshow,
1572,mode,
1573,cuda,
1574,gpu,
1575,nvprof,
1576,nvvp,
1577,google-earth-engine,
1578,gcp-ai-platform-training,
1579,vuforia,
1580,image-recognition,
1581,bitrise,
1582,cv2,
1583,chromium,
1584,otl,
1585,characteristics,
1586,bleno,
1587,mathcad,
1588,fortran,
1589,abaqus,
1590,router,
1591,navigateurl,
1592,subclipse,
1593,azure-redis-cache,
1594,angularjs-directive,
1595,naming-conventions,
1596,clean-architecture,
1597,windows-services,
1598,topshelf,
1599,access-vba,
1600,gulp,
1601,ambari,
1602,redux-saga,
1603,grok,
1604,datatables,
1605,content-security-policy,
1606,audio-recording,
1607,rtaudio,
1608,tensorflow.js,
1609,cacheapi,
1610,backend,
1611,helix-3d-toolkit,
1612,codelite,
1613,gsm,
1614,at-command,
1615,serial-communication,
1616,msp430,
1617,python-requests-html,
1618,pdb,
1619,traceback,
1620,dolphindb,
1621,scenebuilder,
1622,zimbra,
1623,object-detection,
1624,mobilenet,
1625,ios-darkmode,
1626,classloader,
1627,groovyclassloader,
1628,guzzle,
1629,microsoft-cognitive,
1630,speech,
1631,syntax,
1632,dom-manipulation,
1633,fork,
1634,scheduling,
1635,xv6,
1636,allure,
1637,ionicons,
1638,console-application,
1639,analysis,
1640,bayesian,
1641,mediawiki,
1642,hotlinking,
1643,terminal,
1644,themes,
1645,zsh,
1646,zshrc,
1647,radcombobox,
1648,enums,
1649,cmd,
1650,comparison,
1651,wireshark,
1652,rm,
1653,key-value-store,
1654,buffer,
1655,distance-matrix,
1656,arkit,
1657,realitykit,
1658,sumifs,
1659,gs-vlookup,
1660,viewer,
1661,aspnetboilerplate,
1662,bookdown,
1663,xelatex,
1664,findby,
1665,mapbox,
1666,android-native-library,
1667,replace,
1668,swing,
1669,qml,
1670,qtquick2,
1671,actionscript-3,
1672,animate.css,
1673,python-3.6,
1674,try-catch,
1675,valueerror,
1676,master-detail,
1677,perfect-forwarding,
1678,vue-component,
1679,vue-router,
1680,es6-promise,
1681,quarkus,
1682,design-patterns,
1683,substr,
1684,url,
1685,webserver,
1686,glsl,
1687,dotnet-httpclient,
1688,time-series,
1689,group-by,
1690,processing,
1691,debugging,
1692,gdb,
1693,rcpp,
1694,uibutton,
1695,toolbar,
1696,google-sheets-query,
1697,css-grid,
1698,genetics,
1699,set,
1700,user-defined-types,
1701,custom-compare,
1702,p5.js,
1703,alfresco,
1704,mongoexport,
1705,plsql,
1706,oracle-apex,
1707,plsql-package,
1708,xslt-2.0,
1709,user-agent,
1710,asp.net-ajax,
1711,jdbc,
1712,playframework,
1713,akka-stream,
1714,aws-secrets-manager,
1715,mono,
1716,pyspark-sql,
1717,pattern-matching,
1718,infinite-loop,
1719,markdown,
1720,cross-domain,
1721,firebase-hosting,
1722,splunk,
1723,splunk-query,
1724,researchkit,
1725,.a,
1726,ios-library,
1727,openapi,
1728,google-signin,
1729,xctest,
1730,remote-debugging,
1731,gdbserver,
1732,uilabel,
1733,3d,
1734,drawing,
1735,android-view,
1736,android-canvas,
1737,android-custom-view,
1738,tkinter-layout,
1739,serialization,
1740,provisioning,
1741,google-play-services,
1742,hybrid-mobile-app,
1743,toml,
1744,mybb,
1745,nested-loops,
1746,google-datatable,
1747,aes-gcm,
1748,turtle-graphics,
1749,string-interpolation,
1750,navbar,
1751,whm,
1752,exim,
1753,pandoc,
1754,scapy,
1755,ssid,
1756,probe,
1757,telnetlib,
1758,thumbnails,
1759,blurry,
1760,core,
1761,shinydashboard,
1762,android-fragments,
1763,fragment,
1764,fragment-lifecycle,
1765,input,
1766,syntax-error,
1767,paging,
1768,jetpack,
1769,room,
1770,dygraphs,
1771,r-plotly,
1772,updates,
1773,pyzo,
1774,azure-storage,
1775,soda,
1776,read-text,
1777,geojson,
1778,post-processing,
1779,clang,
1780,opencl,
1781,llvm-clang,
1782,spir-v,
1783,linker,
1784,masm,
1785,numba,
1786,built-in,
1787,position,
1788,integer,
1789,square,
1790,galen,
1791,v-for,
1792,ads,
1793,asp.net-core-logging,
1794,msmq,
1795,win32com,
1796,pythoncom,
1797,msmq-wcf,
1798,super,
1799,hex,
1800,decode,
1801,tableau,
1802,data-analysis,
1803,load-balancing,
1804,consul,
1805,xor,
1806,acumatica-kb,
1807,twilio,
1808,netbeans,
1809,jar,
1810,twitter4j,
1811,namespaces,
1812,c14n,
1813,fluent-nhibernate,
1814,inline,
1815,breakpoints,
1816,roslyn,
1817,umbraco7,
1818,petapoco,
1819,closures,
1820,subscribe,
1821,aws-cli,
1822,aws-cloud9,
1823,maps,
1824,here-api,
1825,here-maps-rest,
1826,react-proptypes,
1827,pdfjs,
1828,phrase,
1829,ng2-pdfjs-viewer,
1830,typeorm,
1831,ms-project,
1832,organization,
1833,ngrx,
1834,strategy-pattern,
1835,open-closed-principle,
1836,case-sensitive,
1837,geopoints,
1838,minify,
1839,bundling-and-minification,
1840,asp.net-bundling,
1841,webview,
1842,username,
1843,mongoose-populate,
1844,spring-data-mongodb,
1845,plotly-dash,
1846,kube-proxy,
1847,utc,
1848,gmt,
1849,msal,
1850,msal.js,
1851,workbox,
1852,request.form,
1853,service-worker,
1854,progressive-web-apps,
1855,kubeflow,
1856,kustomize,
1857,components,
1858,react-native-calendars,
1859,ASAU,
1860,const,
1861,specialization,
1862,wstring,
1863,maxlength,
1864,logparser,
1865,cygwin,
1866,do-while,
1867,except,
1868,kendo-ui,
1869,inspect,
1870,article,
1871,xampp,
1872,css-transitions,
1873,css-transforms,
1874,pure-css,
1875,nativescript-vue,
1876,change-tracking,
1877,static-variables,
1878,variable-declaration,
1879,bluetooth-lowenergy,
1880,bluez,
1881,vue-multiselect,
1882,symfony,
1883,downgrade,
1884,integral,
1885,latex,
1886,python-dataclasses,
1887,data-processing,
1888,jasper-reports,
1889,datasource,
1890,ireport,
1891,click,
1892,font-awesome,
1893,font-awesome-5,
1894,api-design,
1895,blueimp,
1896,scp,
1897,gekko,
1898,git-fetch,
1899,https,
1900,tls1.2,
1901,tls1.1,
1902,gridstack,
1903,word2vec,
1904,indexing,
1905,filtered-index,
1906,regression,
1907,ssis,
1908,derived-column,
1909,synchronous,
1910,firebase-dynamic-links,
1911,wamp,
1912,spotify-app,
1913,android-thread,
1914,daml,
1915,plot,
1916,distinct-values,
1917,unique-values,
1918,web.py,
1919,amazon,
1920,conditional-statements,
1921,testflight,
1922,collectionview,
1923,kingfisher,
1924,react-select-plus,
1925,chromebook,
1926,notifications,
1927,private-key,
1928,margin,
1929,npm-install,
1930,jointjs,
1931,rails-migrations,
1932,firewall,
1933,spatial,
1934,raster,
1935,mlp,
1936,bias-neuron,
1937,jython,
1938,importerror,
1939,attributeerror,
1940,jython-music,
1941,tensorflow-datasets,
1942,tcp,
1943,iperf3,
1944,keras-layer,
1945,activation-function,
1946,sprite,
1947,sfml,
1948,tile,
1949,isometric,
1950,spi,
1951,eeprom,
1952,osgi,
1953,apache-karaf,
1954,java-11,
1955,osgi-bundle,
1956,queue,
1957,broken-pipe,
1958,stack,
1959,cpu,
1960,strace,
1961,jest,
1962,r-leaflet,
1963,custom-post-type,
1964,pivot,
1965,rebase,
1966,uicollectionviewdelegate,
1967,uicollectionviewdelegateflowlayout,
1968,docker-volume,
1969,export,
1970,blank-line,
1971,lua,
1972,anylogic,
1973,applescript,
1974,gnuplot,
1975,physics,
1976,text-parsing,
1977,knitr,
1978,wcf,
1979,kendo-grid,
1980,breadth-first-search,
1981,optimization,
1982,micro-optimization,
1983,windows-10,
1984,pgadmin-4,
1985,web3,
1986,datagrid,
1987,mocking,
1988,python-unittest,
1989,spreadsheet,
1990,drone,
1991,drone.io,
1992,httprequest,
1993,httpresponse,
1994,whitespace,
1995,model-fitting,
1996,file-io,
1997,sql-server-2008-r2,
1998,layoutparams,
1999,android-layoutparams,
2000,compiler-optimization,
2001,intrinsics,
2002,avx2,
2003,jobs,
2004,containers,
2005,kivy,
2006,kivy-language,
2007,compare,
2008,xmlstarlet,
2009,apex,
2010,oracle-apex-5,
2011,oracle-apex-5.1,
2012,scrollbar,
2013,richtextbox,
2014,docx,
2015,phpword,
2016,bubble-sort,
2017,postgis,
2018,alarmmanager,
2019,perforce,
2020,character,
2021,bellman-ford,
2022,aspectj,
2023,spring-aop,
2024,r-mice,
2025,dialogflow,
2026,pdo,
2027,sudoku,
2028,sbt,
2029,stripe-payments,
2030,state-machine,
2031,arduino-c++,
2032,opengl,
2033,signal-processing,
2034,epub,
2035,prototype-programming,
2036,visualization,
2037,montecarlo,
2038,lens,
2039,dns,
2040,gtmetrix,
2041,webservice-client,
2042,modbus,
2043,azure-storage-blobs,
2044,free,
2045,direction,
2046,matrix,
2047,cplex,
2048,asynchttpclient,
2049,quoted-printable,
2050,react-native-gifted-chat,
2051,opencart,
2052,druid,
2053,mysql-connector,
2054,fingerprint,
2055,zkteco,
2056,demo,
2057,reverse-engineering,
2058,decompiler,
2059,apktool,
2060,ios-multithreading,
2061,luis,
2062,firebase-realtime-database,
2063,assets,
2064,laravel-mix,
2065,baseadapter,
2066,boost.test,
2067,raspberry-pi3,
2068,knockout.js,
2069,armv7,
2070,hyperledger-fabric-sdk-js,
2071,google-drive-team-drive,
2072,microsoft-translator,
2073,twilio-php,
2074,android-fragmentactivity,
2075,projection,
2076,metalkit,
2077,batching,
2078,uwp,
2079,codec,
2080,uniqueidentifier,
2081,static-initialization,
2082,language-agnostic,
2083,time-complexity,
2084,language-lawyer,
2085,complexity-theory,
2086,content-management-system,
2087,create-react-app,
2088,apollo-boost,
2089,vim,
2090,neovim,
2091,navigator,
2092,react-google-maps,
2093,amazon-cognito,
2094,access-token,
2095,refresh-token,
2096,amazon-rds,
2097,os.walk,
2098,jquery-ui-multiselect,
2099,backup,
2100,jpeg,
2101,webcam,
2102,exif,
2103,airflow-scheduler,
2104,gravityforms,
2105,wpf-core,
2106,google-cloud-nl,
2107,arima,
2108,refresh,
2109,native,
2110,pip,
2111,newman,
2112,lightbox,
2113,java-ee,
2114,gitlab,
2115,gitlab-ci-runner,
2116,query-optimization,
2117,bigdata,
2118,hadoop2,
2119,resnet,
2120,mlflow,
2121,extern,
2122,lucene.net,
2123,find,
2124,buttonclick,
2125,ancestor,
2126,raphael,
2127,printing,
2128,firmware,
2129,reversing,
2130,task-parallel-library,
2131,transition,
2132,xhtml,
2133,dtd,
2134,android-windowmanager,
2135,signals,
2136,sigint,
2137,endianness,
2138,pywin32,
2139,nssm,
2140,docusaurus,
2141,nim-lang,
2142,mocha,
2143,chai,
2144,resharper,
2145,intellisense,
2146,web-applications,
2147,jaxb,
2148,jersey,
2149,hateoas,
2150,path,
2151,udp,
2152,wifi,
2153,broadcast,
2154,multicast,
2155,sklearn-pandas,
2156,stock,
2157,grafana,
2158,promql,
2159,appkit,
2160,nsmenu,
2161,nsmenuitem,
2162,ravendb,
2163,raven,
2164,ravendb-studio,
2165,ravendb4,
2166,facebook-workplace,
2167,ag-grid-react,
2168,operator-precedence,
2169,jenkins-plugins,
2170,yaml,
2171,cancellationtokensource,
2172,marklogic,
2173,rabbitmq,
2174,supervisord,
2175,neo4j-php-ogm,
2176,logstash-grok,
2177,logstash-configuration,
2178,logstash-file,
2179,logstash-forwarder,
2180,mrtk,
2181,toast,
2182,react-leaflet,
2183,malloc,
2184,heap,
2185,sbrk,
2186,polymer-3.x,
2187,hdinsight,
2188,azure-databricks,
2189,blazor,
2190,sql-default-instance,
2191,k-means,
2192,graph,
2193,twinx,
2194,pyth,
2195,conduit,
2196,editor,
2197,wysiwyg,
2198,offline,
2199,pii,
2200,attributes,
2201,azure-artifacts,
2202,dynamic-memory-allocation,
2203,allocation,
2204,three.js,
2205,react-three-fiber,
2206,console,
2207,background-service,
2208,webpack,
2209,webpack-dev-server,
2210,subplot,
2211,multipartform-data,
2212,flurl,
2213,iformfile,
2214,apex-code,
2215,rust-piston,
2216,kubelet,
2217,aws-eks,
2218,eks,
2219,android-linearlayout,
2220,reshape,
2221,tidyr,
2222,melt,
2223,middleware,
2224,powerline,
2225,google-chrome-extension,
2226,vega,
2227,screen,
2228,signal-strength,
2229,full-text-search,
2230,tsvector,
2231,count,
2232,jqchart,
2233,sql-server-2000,
2234,git-rebase,
2235,substring,
2236,alphabetical,
2237,scrollto,
2238,nsfont,
2239,nsfontmanager,
2240,stringr,
2241,streaming,
2242,icecast,
2243,phpunit,
2244,travis-ci,
2245,coefficients,
2246,workflow,
2247,bug-tracking,
2248,issue-tracking,
2249,fogbugz,
2250,vivagraphjs,
2251,docusignapi,
2252,uiapplicationshortcutitem,
2253,direct2d,
2254,azure-cosmosdb-sqlapi,
2255,hyperparameters,
2256,dll,
2257,resttemplate,
2258,umbraco,
2259,media,
2260,picker,
2261,software-design,
2262,dfs,
2263,joomla,
2264,adyen,
2265,crystal-reports,
2266,jenkins-groovy,
2267,xamarin.android,
2268,slice,
2269,quoted-identifier,
2270,ip,
2271,host,
2272,spinner,
2273,casting,
2274,vision,
2275,tpu,
2276,time-format,
2277,optional-parameters,
2278,indy,
2279,indy10,
2280,osc,
2281,delphi-10.3-rio,
2282,mod-rewrite,
2283,pep8,
2284,ode45,
2285,push,
2286,githooks,
2287,variable-assignment,
2288,android-framelayout,
2289,fragment-backstack,
2290,equals,
2291,glide,
2292,linux-kernel,
2293,synchronization,
2294,apache-camel,
2295,multicore,
2296,angular-ui-bootstrap,
2297,selenium-chromedriver,
2298,cdn,
2299,core-data,
2300,loopback,
2301,gravity-forms-plugin,
2302,elementor,
2303,laravel-blade,
2304,server-sent-events,
2305,clojure,
2306,clojurescript,
2307,clojurescript-javascript-interop,
2308,priority-queue,
2309,meteor,
2310,ws-client,
2311,left-join,
2312,external,
2313,alias,
2314,git-bash,
2315,textures,
2316,stream,
2317,java-9,
2318,import,
2319,wpallimport,
2320,jq,
2321,cardview,
2322,django-queryset,
2323,privacy,
2324,max,
2325,min,
2326,directory,
2327,xlsx,
2328,javamail,
2329,return-value,
2330,flatmap,
2331,xml-serialization,
2332,week-number,
2333,ms-media-foundation,
2334,filepond,
2335,twitter-bootstrap-3,
2336,gtk,
2337,gtk3,
2338,glib,
2339,session-cookies,
2340,npm-scripts,
2341,expect,
2342,prompt,
2343,splice,
2344,array-splice,
2345,reorderlist,
2346,drm,
2347,playready,
2348,timedelta,
2349,qgis,
2350,geotiff,
2351,sceneform,
2352,qt-designer,
2353,doubly-linked-list,
2354,game-physics,
2355,vue-render-function,
2356,.net-core-2.2,
2357,uwsgi,
2358,vips,
2359,azure-devops-rest-api,
2360,virtual,
2361,virtual-reality,
2362,shoutcast,
2363,sizeof,
2364,char-pointer,
2365,jackson,
2366,react-admin,
2367,git-diff,
2368,database-migration,
2369,bar-chart,
2370,data.table,
2371,retrofit2,
2372,android-bottomnavigationview,
2373,jsf-1.2,
2374,spring-data,
2375,spring-data-neo4j,
2376,extwebcomponents,
2377,asp.net-core-mvc,
2378,gsap,
2379,koa2,
2380,sas,
2381,versioning,
2382,type-conversion,
2383,decltype,
2384,typename,
2385,static,
2386,rweka,
2387,jpql,
2388,apache2,
2389,semantics,
2390,evaluation,
2391,interpretation,
2392,callcc,
2393,lodash,
2394,background-image,
2395,sqlplus,
2396,c#-7.0,
2397,evaluate,
2398,command,
2399,fabricjs,
2400,ciimage,
2401,instanceof,
2402,spyder,
2403,channel,
2404,telethon,
2405,shader,
2406,hbase,
2407,bigtable,
2408,opentsdb,
2409,google-authentication,
2410,datepicker,
2411,mesh,
2412,point-clouds,
2413,octree,
2414,tortoisesvn,
2415,oracle12c,
2416,syslog,
2417,google-iam,
2418,mongodb-.net-driver,
2419,flyway,
2420,angular-test,
2421,sftp,
2422,putty,
2423,hpc,
2424,winscp,
2425,cocoa,
2426,delete-file,
2427,recycle-bin,
2428,bootstrap-datepicker,
2429,ibm-integration-bus,
2430,backslash,
2431,shutil,
2432,sslsocketfactory,
2433,sslserversocket,
2434,damerau-levenshtein,
2435,azure-iot-hub,
2436,telemetry,
2437,jboss,
2438,adal,
2439,adal.js,
2440,firebase-cloud-messaging,
2441,configuration,
2442,reload,
2443,permutation,
2444,azure-application-insights,
2445,android-bitmap,
2446,rust-cargo,
2447,google-cloud-run,
2448,facebook-javascript-sdk,
2449,facebook-apps,
2450,uber-api,
2451,phoenix-framework,
2452,phoenix-channels,
2453,gmail,
2454,performance-testing,
2455,trace,
2456,android-anr-dialog,
2457,azure-ad-b2c,
2458,pascal,
2459,pug,
2460,prestashop-1.7,
2461,dart-pub,
2462,dart-html,
2463,checkbox,
2464,screen-scraping,
2465,scrapy-splash,
2466,rss,
2467,currency-exchange-rates,
2468,jupyter-notebook,
2469,business-logic,
2470,web-site-project,
2471,adonis.js,
2472,github-api,
2473,github-api-v3,
2474,owasp,
2475,zap,
2476,ntlm-authentication,
2477,betfair,
2478,conda,
2479,schedule,
2480,context-switch,
2481,bixbystudio,
2482,vision-api,
2483,json.net,
2484,azure-pipelines,
2485,crash-reports,
2486,entity-relationship-model,
2487,plantuml,
2488,gnustep,
2489,kali-linux,
2490,lettuce,
2491,eager-execution,
2492,xamarin.uitest,
2493,visual-studio-app-center-test,
2494,gwt,
2495,jetty,
2496,rpc,
2497,embedded-jetty,
2498,android-connectivitymanager,
2499,multipath,
2500,gnu,
2501,download,
2502,dask,
2503,django-redis,
2504,bitmap,
2505,class-library,
2506,flexbox,
2507,numpy-ndarray,
2508,numpy-einsum,
2509,vue2-google-maps,
2510,coq,
2511,data-annotations,
2512,android-tabhost,
2513,python-2.x,
2514,mule,
2515,mule-component,
2516,mulesoft,
2517,concat,
2518,photo,
2519,listagg,
2520,deserialization,
2521,auto-value,
2522,systemd,
2523,systemctl,
2524,nginx-config,
2525,textselection,
2526,ttk,
2527,eclipse-plugin,
2528,content-assist,
2529,pickle,
2530,aws-xray,
2531,word,
2532,corpus,
2533,network-programming,
2534,spring-session,
2535,mockmvc,
2536,tasklet,
2537,zapier,
2538,numeric,
2539,jlabel,
2540,google-books,
2541,microsoft-graph,
2542,sharepoint-search,
2543,static-libraries,
2544,static-linking,
2545,python-imaging-library,
2546,discord.py,
2547,discord.py-rewrite,
2548,bytesio,
2549,calculator,
2550,oozie,
2551,grails,
2552,runtime,
2553,mipmaps,
2554,bulletphysics,
2555,couchdb,
2556,attachment,
2557,document,
2558,javadoc,
2559,normalization,
2560,unetstack,
2561,data-science,
2562,confluence,
2563,theano,
2564,csrf,
2565,antiforgerytoken,
2566,gson,
2567,plugins,
2568,babylonjs,
2569,android-install-apk,
2570,proxytunnel,
2571,scripting,
2572,rmi,
2573,docker-swarm-mode,
2574,rsa,
2575,digital-signature,
2576,signature,
2577,interpreter,
2578,flex-lexer,
2579,lex,
2580,database-design,
2581,scala-collections,
2582,gurobi,
2583,emacs,
2584,interactive,
2585,cgo,
2586,encoding,
2587,plist,
2588,azure-data-factory,
2589,geometry,
2590,rendering,
2591,trigonometry,
2592,raycasting,
2593,virtualenv,
2594,python-datetime,
2595,spring-data-jpa,
2596,image-segmentation,
2597,image-thresholding,
2598,nodejs-server,
2599,amazon-sns,
2600,replication,
2601,high-availability,
2602,atomic,
2603,constraints,
2604,autocomplete,
2605,flutter-cupertino,
2606,data-binding,
2607,plsqldeveloper,
2608,doc2vec,
2609,cursor-position,
2610,toggle,
2611,xls,
2612,nosuchmethoderror,
2613,miniconda,
2614,wordpress-rest-api,
2615,public,
2616,kubeadm,
2617,flannel,
2618,operators,
2619,node-fetch,
2620,sql-server-2012,
2621,sql-server-ml-services,
2622,simd,
2623,partial-ordering,
2624,microsoft-edge,
2625,repository,
2626,commit,
2627,ipad,
2628,uiinterfaceorientation,
2629,uiimageasset,
2630,modulo,
2631,bitwise-and,
2632,web-deployment,
2633,connection-pooling,
2634,cumsum,
2635,higher-order-functions,
2636,exchangewebservices,
2637,outlook-restapi,
2638,sparql,
2639,dbpedia,
2640,ab-testing,
2641,google-optimize,
2642,impala,
2643,complex-data-types,
2644,subset,
2645,grouping,
2646,wixcode,
2647,angular-upgrade,
2648,angular-hybrid,
2649,css-modules,
2650,mobile-safari,
2651,matlab-figure,
2652,gluon,
2653,in-app-billing,
2654,in-app-subscription,
2655,enzyme,
2656,flowtype,
2657,android-actionbar,
2658,android-appcompat,
2659,android-darkmode,
2660,flappy-bird-clone,
2661,google-cloud-cdn,
2662,foursquare,
2663,mongodb-query,
2664,in-app-purchase,
2665,barcode-scanner,
2666,angularfire,
2667,application.properties,
2668,extending,
2669,web-application-project,
2670,avaya,
2671,composition,
2672,ajaxcontroltoolkit,
2673,makefile,
2674,rules,
2675,rubygems,
2676,bundler,
2677,window.location,
2678,web-mediarecorder,
2679,automata,
2680,dfa,
2681,nfa,
2682,traits,
2683,kernel-density,
2684,google-maps-api-3,
2685,core-image,
2686,metal-performance-shaders,
2687,spring-kafka,
2688,timer,
2689,compiler-construction,
2690,protocols,
2691,zip,
2692,xmlnode,
2693,xmlnodelist,
2694,character-encoding,
2695,lightning-network,
2696,memory,
2697,avr,
2698,init,
2699,iis-8,
2700,hsqldb,
2701,file-permissions,
2702,modelica,
2703,openmodelica,
2704,setinterval,
2705,apache-poi,
2706,django-annotate,
2707,javascript-objects,
2708,readability,
2709,django-urls,
2710,crop,
2711,visual-studio-extensions,
2712,proc-sql,
2713,outlook-vba,
2714,jsx,
2715,stylesheet,
2716,admin,
2717,runas,
2718,bing-maps,
2719,spacy,
2720,recompose,
2721,strong-named-key,
2722,webpacker,
2723,wrapper,
2724,reuters,
2725,permissions,
2726,authorization,
2727,pass-by-reference,
2728,puppeteer,
2729,apify,
2730,pyzmq,
2731,tab-completion,
2732,pentaho,
2733,jpa-criteria,
2734,ternary,
2735,system-paths,
2736,wkhtmltopdf,
2737,nreco,
2738,appsync-apollo-client,
2739,gitattributes,
2740,git-difftool,
2741,docker-desktop,
2742,greasemonkey,
2743,userscripts,
2744,adblock,
2745,sql-server-2008,
2746,sql-server-2017,
2747,sql-server-agent,
2748,rebuild,
2749,ldap,
2750,django-orm,
2751,django-subquery,
2752,label,
2753,axis,
2754,minecraft-forge,
2755,gcloud,
2756,gcsfuse,
2757,iterm2,
2758,jwplayer,
2759,upload,
2760,data-transfer,
2761,innodb,
2762,ihttpmodule,
2763,matillion,
2764,zebra,
2765,xargs,
2766,bytecode,
2767,laravel-nova,
2768,desktop,
2769,infrastructure,
2770,mqtt,
2771,paho,
2772,pycurl,
2773,react-highcharts,
2774,azure-aks,
2775,pyarrow,
2776,minecraft,
2777,decompiling,
2778,forge,
2779,itext,
2780,mean-stack,
2781,rails-admin,
2782,pundit,
2783,datetime-format,
2784,timestamp-with-timezone,
2785,camera,
2786,video-streaming,
2787,ubuntu-18.04,
2788,karma-jasmine,
2789,probability,
2790,amazon-sqs,
2791,android-support-library,
2792,androidx,
2793,material-components-android,
2794,doctrine,
2795,doctrine-odm,
2796,powerquery,
2797,vfs,
2798,filesystemexception,
2799,symfony1,
2800,symfony-1.4,
2801,symfony-forms,
2802,apply,
2803,quanteda,
2804,deployment,
2805,ejb,
2806,jboss-eap-7,
2807,clear,
2808,wmi,
2809,marshmallow,
2810,strip,
2811,shared-ptr,
2812,rfid,
2813,liquibase,
2814,scope,
2815,polymorphism,
2816,akka.net,
2817,nginx-ingress,
2818,rebalancing,
2819,recurrent-neural-network,
2820,tslint,
2821,swiper,
2822,windows-authentication,
2823,asp.net-authorization,
2824,google-cloud-sql,
2825,responsive-filemanager,
2826,profiling,
2827,jvmti,
2828,jfr,
2829,serial-port,
2830,wampserver,
2831,binary-search-tree,
2832,preorder,
2833,angular6,
2834,navigation,
2835,protected,
2836,x509certificate,
2837,lnk2019,
2838,mergesort,
2839,storage,
2840,mixed,
2841,twython,
2842,inno-setup,
2843,service-discovery,
2844,reverse,
2845,arrow-functions,
2846,self-invoking-function,
2847,g++,
2848,autoscaling,
2849,macos-sierra,
2850,unison,
2851,scalaz-zio,
2852,zio-test,
2853,callback,
2854,f#,
2855,window,
2856,cairo,
2857,gtk-rs,
2858,zalenium,
2859,getelementbyid,
2860,irc,
2861,one-hot-encoding,
2862,virtual-machine,
2863,google-compute-engine,
2864,gsutil,
2865,uitextview,
2866,xcode11.2,
2867,decision-tree,
2868,external-script,
2869,hue,
2870,angular-components,
2871,sf,
2872,signalr,
2873,jsf,
2874,primefaces,
2875,eigen,
2876,intel-mkl,
2877,powershell-2.0,
2878,google-maps-markers,
2879,android-adapter,
2880,modal-dialog,
2881,firebase-storage,
2882,output,
2883,splash-screen,
2884,stdout,
2885,ssms-18,
2886,spring-rabbitmq,
2887,cypress,
2888,getelementsbyclassname,
2889,message,
2890,either,
2891,visual-prolog,
2892,turbo-prolog,
2893,prolog-toplevel,
2894,geopandas,
2895,hql,
2896,unix-timestamp,
2897,sharepoint-2013,
2898,backtracking,
2899,recursive-backtracking,
2900,pack,
2901,firedac,
2902,dynamic-programming,
2903,concatenation,
2904,gorm,
2905,firebase-admin,
2906,simulation,
2907,bytestream,
2908,ansible-template,
2909,jmeter,
2910,flutter-sliver,
2911,android-keypad,
2912,keypad,
2913,html5-video,
2914,gun,
2915,xslt-3.0,
2916,cpanel,
2917,connectivity,
2918,netmiko,
2919,openmp,
2920,localbroadcastmanager,
2921,date-range,
2922,data-files,
2923,odbc,
2924,macos-catalina,
2925,sticky,
2926,igraph,
2927,data-transform,
2928,yocto,
2929,bitbake,
2930,echarts,
2931,scale,
2932,yaxis,
2933,freshdesk,
2934,boolean-expression,
2935,subquery,
2936,platform,
2937,json-deserialization,
2938,paypal,
2939,paypal-rest-sdk,
2940,kubernetes-pod,
2941,native-base,
2942,survey,
2943,qualtrics,
2944,product,
2945,pimcore,
2946,coreshop,
2947,data-manipulation,
2948,network-analysis,
2949,packagist,
2950,bucket,
2951,hash,
2952,screen-orientation,
2953,shopify-api-node,
2954,uitableview,
2955,addressing-mode,
2956,android-wifi,
2957,android-10.0,
2958,rails-api,
2959,tf.keras,
2960,pdf-generation,
2961,kendo-ui-angular2,
2962,structure,
2963,client,
2964,grep,
2965,delimiter,
2966,installation,
2967,installer,
2968,xaml,
2969,jquery-selectors,
2970,eeglab,
2971,ibm-mq,
2972,pg-promise,
2973,pokemon-go,
2974,directed-graph,
2975,word-vba,
2976,element,
2977,deprecation-warning,
2978,box2d,
2979,collision,
2980,crypt,
2981,jquery-ui-autocomplete,
2982,picklesdoc,
2983,shared-memory,
2984,workspace,
2985,youtube,
2986,youtube-dl,
2987,return,
2988,select,
2989,html-agility-pack,
2990,client-server,
2991,picturebox,
2992,localization,
2993,manifest,
2994,microsoft-teams,
2995,google-chrome-devtools,
2996,regex-lookarounds,
2997,programming-languages,
2998,ansible-awx,
2999,pyomo,
3000,coin-or-cbc,
3001,coin-or,
3002,acra,
3003,.net-standard,
3004,csproj,
3005,polygon,
3006,clip,
3007,edge,
3008,google-datalayer,
3009,data-layers,
3010,swift-package-manager,
3011,health-kit,
3012,hkhealthstore,
3013,nuxt.js,
3014,taxonomy,
3015,azure-iot-edge,
3016,appinsights,
3017,direct3d,
3018,persistence,
3019,nsuserdefaults,
3020,nsmutabledictionary,
3021,nsmutableset,
3022,ns-3,
3023,fdf,
3024,vlookup,
3025,long-integer,
3026,typeconverter,
3027,blackjack,
3028,angular-ngmodel,
3029,sysfs,
3030,websecurity,
3031,pbx,
3032,ozeki,
3033,depth-first-search,
3034,spring-data-rest,
3035,spring-test,
3036,average,
3037,userform,
3038,sudo,
3039,java-13,
3040,bipartite,
3041,cross-browser,
3042,policy,
3043,nftables,
3044,mod-proxy,
3045,domain-mapping,
3046,spring-validator,
3047,sarama,
3048,multiple-domains,
3049,amazon-lightsail,
3050,r-caret,
3051,caret,
3052,confluent-kafka,
3053,google-search,
3054,google-custom-search,
3055,google-search-api,
3056,google-search-console,
3057,python-asyncio,
3058,aio-mysql,
3059,jvm,
3060,anki,
3061,ms-access-2016,
3062,widget,
3063,asyncio,
3064,agda,
3065,lean,
3066,pybind11,
3067,pagination,
3068,crashlytics,
3069,google-fabric,
3070,database-security,
3071,gridsplitter,
3072,r-package,
3073,region,
3074,azure-table-storage,
3075,azure-powershell,
3076,azure-tablequery,
3077,web-inspector,
3078,aws-api-gateway,
3079,addeventlistener,
3080,cucm,
3081,hyperlink,
3082,include,
3083,zipfile,
3084,sql-update,
3085,factorial,
3086,sequence-generators,
3087,netflix-eureka,
3088,client-certificates,
3089,certenroll,
3090,mql4,
3091,metatrader4,
3092,mql5,
3093,mt4,
3094,metatrader5,
3095,cordova,
3096,hugo,
3097,drupal-8,
3098,drupal-modules,
3099,drupal-views,
3100,date-formatting,
3101,raty,
3102,pass-by-value,
3103,android-volley,
3104,listener,
3105,pymsql,
3106,finalizer,
3107,gojs,
3108,carousel,
3109,mediator,
3110,ef-core-2.0,
3111,orleans,
3112,mobx,
3113,mobx-react,
3114,perfect-numbers,
3115,vue-apollo,
3116,system-calls,
3117,rounding,
3118,cross-origin-read-blocking,
3119,krakend,
3120,google-cloud-kms,
3121,polynomials,
3122,shared-libraries,
3123,sql-server-2016,
3124,sendmail,
3125,defaultnetworkcredentials,
3126,credentialscache,
3127,form-for,
3128,belongs-to,
3129,getusermedia,
3130,firebase-analytics,
3131,crystal-reports-xi,
3132,domaincontroller,
3133,konvajs,
3134,tabulator,
3135,confidence-interval,
3136,aesthetics,
3137,adfs,
3138,pfx,
3139,mediastore,
3140,opendds,
3141,angular-router-guards,
3142,candeactivate,
3143,knex.js,
3144,dam,
3145,utf-8,
3146,mobile-development,
3147,jtree,
3148,sha,
3149,shared-secret,
3150,postcss,
3151,xml-rpc,
3152,odoo-11,
3153,point-of-sale,
3154,pos,
3155,ion-slides,
3156,svm,
3157,aws-codepipeline,
3158,katalon-studio,
3159,markov-chains,
3160,bottom-sheet,
3161,material-components,
3162,pagespeed,
3163,checkout,
3164,amazon-iam,
3165,aggregate-functions,
3166,aggregation,
3167,relational-database,
3168,react-native-paper,
3169,popover,
3170,popup,
3171,bootloader,
3172,multiboot,
3173,sparse-matrix,
3174,sqflite,
3175,magento,
3176,limit,
3177,jimp,
3178,intel,
3179,machine-code,
3180,mongoose-schema,
3181,code-formatting,
3182,kendo-multiselect,
3183,drawable,
3184,wso2,
3185,href,
3186,squarespace,
3187,angular-observable,
3188,wtforms,
3189,linear-algebra,
3190,reshape2,
3191,python-multiprocessing,
3192,gstreamer,
3193,id,
3194,conditional-formatting,
3195,google-cloud-bigtable,
3196,browserify,
3197,bots,
3198,refactoring,
3199,enum-flags,
3200,binance,
3201,segment,
3202,sdl-2,
3203,database-performance,
3204,query-performance,
3205,html5-history,
3206,lightgallery,
3207,hexo,
3208,orange,
3209,visual-studio-2015,
3210,angle,
3211,khan-academy,
3212,acid,
3213,cesium,
3214,multi-index,
3215,devops,
3216,datadog,
3217,extends,
3218,appdomain,
3219,turn.js,
3220,jlist,
3221,jfilechooser,
3222,c-strings,
3223,tinymce-4,
3224,hotkeys,
3225,webbrowser-control,
3226,android-databinding,
3227,dokku,
3228,pdfbox,
3229,amazon-cloudsearch,
3230,postfix-mta,
3231,sshd,
3232,nginx-location,
3233,orca,
3234,worker-pool,
3235,compilation,
3236,tsc,
3237,tsconfig,
3238,redirectstandardoutput,
3239,navigationcontroller,
3240,vue-test-utils,
3241,immutability,
3242,shallow-copy,
3243,cran,
3244,elasticsearch-java-api,
3245,ssm,
3246,aws-parameter-store,
3247,mvvmcross,
3248,build-error,
3249,bootstrap-tags-input,
3250,windows-kernel,
3251,register-transfer-level,
3252,kaggle,
3253,cudnn,
3254,google-api-python-client,
3255,elasticsearch-percolate,
3256,base64,
3257,binary-data,
3258,firefox-addon,
3259,firefox-webextensions,
3260,vscode-extensions,
3261,header,
3262,snort,
3263,slack,
3264,fopen,
3265,fgetcsv,
3266,webassembly,
3267,blazor-client-side,
3268,shortest-path,
3269,omnet++,
3270,custom-taxonomy,
3271,vlc,
3272,libvlc,
3273,highest,
3274,tempus-dominus-datetimepicker,
3275,rx-java,
3276,connection,
3277,append,
3278,benchmarking,
3279,jmh,
3280,dask-distributed,
3281,mutex,
3282,servlet-filters,
3283,mpi,
3284,mpi4py,
3285,web-inf,
3286,sonarscanner,
3287,jplayer,
3288,pipenv,
3289,intel-fortran,
3290,localhost,
3291,okta,
3292,r-corrplot,
3293,perlin-noise,
3294,package.json,
3295,sentinel,
3296,typescript-types,
3297,presto,
3298,athena,
3299,fullcalendar,
3300,microsoft-graph-toolkit,
3301,flann,
3302,keypoint,
3303,argparse,
3304,macos-high-sierra,
3305,android-preferences,
3306,tfs,
3307,react-native-maps,
3308,stacked-area-chart,
3309,geom-area,
3310,key,
3311,twilio-api,
3312,twilio-programmable-chat,
3313,bootstrap-cards,
3314,xml-namespaces,
3315,patch,
3316,iot,
3317,jquery-datatables-rails,
3318,aframe,
3319,mapbox-gl-js,
3320,geofencing,
3321,mapbox-gl,
3322,detox,
3323,packet,
3324,rdp,
3325,scikit-image,
3326,css-animations,
3327,intersection-observer,
3328,distance,
3329,latitude-longitude,
3330,timelion,
3331,corruption,
3332,file-put-contents,
3333,email-address,
3334,jhipster,
3335,mingw,
3336,gtk#,
3337,pivot-chart,
3338,whois,
3339,locked,
3340,netcdf4,
3341,watchkit,
3342,ruby-on-rails-6,
3343,webrtc,
3344,runtime-error,
3345,google-cloud-pubsub,
3346,haproxy,
3347,custom-wordpress-pages,
3348,ruby-on-rails-4.2,
3349,mne-python,
3350,rgb,
3351,motherboard,
3352,asus,
3353,relationship,
3354,star-schema,
3355,realm,
3356,rx-java2,
3357,report,
3358,subreport,
3359,pass-through,
3360,psycopg2,
3361,grpc,
3362,migrate,
3363,google-cloud-ml,
3364,android-webview,
3365,cassandra,
3366,datastax,
3367,uart,
3368,beagleboneblack,
3369,fifo,
3370,spring-bean,
3371,nextval,
3372,currval,
3373,effects,
3374,palindrome,
3375,wget,
3376,php-internals,
3377,ui-automation,
3378,rollupjs,
3379,svelte,
3380,sapper,
3381,fips,
3382,yubico,
3383,getstream-io,
3384,oauth,
3385,flickr,
3386,parallax,
3387,grandstack,
3388,sequential,
3389,tcl,
3390,margins,
3391,imshow,
3392,http-status-code-421,
3393,visual-c++,
3394,metaprogramming,
3395,sfinae,
3396,pyinstaller,
3397,broker,
3398,hivemq,
3399,mom,
3400,mqtt-vernemq,
3401,sql-server-data-tools,
3402,firebird,
3403,rtf,
3404,chroot,
3405,tun,
3406,google-apis-explorer,
3407,recaptcha-v3,
3408,dashboard,
3409,graphite,
3410,gradient-descent,
3411,service-worker-events,
3412,android-notifications,
3413,basic,
3414,junit4,
3415,testcase,
3416,express-graphql,
3417,pyaudio,
3418,reportlab,
3419,scala-cats,
3420,vis.js,
3421,vis.js-network,
3422,multimap,
3423,file-transfer,
3424,tex,
3425,java-native-interface,
3426,jnienv,
3427,delayed-execution,
3428,azure-storage-queues,
3429,branch,
3430,x86-16,
3431,jmeter-plugins,
3432,haskell-stack,
3433,haskell-platform,
3434,tiff,
3435,r-raster,
3436,converters,
3437,wai-aria,
3438,qwebelement,
3439,thermal-printer,
3440,file-storage,
3441,homebrew,
3442,qtgui,
3443,qtwidgets,
3444,python-xarray,
3445,pylint,
3446,parcelable,
3447,gulp-watch,
3448,gulp-uglify,
3449,ole,
3450,alignment,
3451,reticulate,
3452,sentiment-analysis,
3453,sql-server-2014,
3454,ignore,
3455,qpainterpath,
3456,scatter-plot,
3457,facet-wrap,
3458,mdbootstrap,
3459,spring-boot-actuator,
3460,equation,
3461,azure-web-roles,
3462,azure-storage-emulator,
3463,css-variables,
3464,angular-compiler,
3465,mediatr,
3466,jwt,
3467,ackermann,
3468,lazy-loading,
3469,gnu-coreutils,
3470,node-sass,
3471,resolve-url-loader,
3472,kable,
3473,kableextra,
3474,counting,
3475,tablename,
3476,ssreflect,
3477,increment,
3478,amp-html,
3479,vex,
3480,visual-studio-templates,
3481,static-analysis,
3482,apache-superset,
3483,dynamic-sql,
3484,hibernate-criteria,
3485,twisted,
3486,playstation,
3487,social-media,
3488,log4net,
3489,log4net-configuration,
3490,log4net-appender,
3491,metro-bundler,
3492,file-management,
3493,formatting,
3494,karma-webpack,
3495,onsen-ui,
3496,onsen-ui2,
3497,autodesk-bim360,
3498,bitbucket-pipelines,
3499,pi,
3500,javalin,
3501,nunit-3.0,
3502,regex-group,
3503,jsonpath,
3504,classnotfoundexception,
3505,case,
3506,hal-json,
3507,configmap,
3508,react-state,
3509,watson-assistant,
3510,watson-discovery,
3511,gis,
3512,strcat,
3513,tensorflow-transform,
3514,cube,
3515,kylin,
3516,release,
3517,scriptlet,
3518,font-awesome-4,
3519,spring-transactions,
3520,html5-audio,
3521,volume,
3522,jssip,
3523,cocoapods,
3524,huffman-code,
3525,tableview,
3526,for-in-loop,
3527,web-push,
3528,topojson,
3529,emulation,
3530,electron-packager,
3531,circuit-breaker,
3532,resilience4j,
3533,servicestack,
3534,asp.net-webhooks,
3535,raspbian,
3536,sql-injection,
3537,mouse,
3538,fluid,
3539,effect,
3540,360-virtual-reality,
3541,ellipse,
3542,.net-4.5,
3543,geo,
3544,choropleth,
3545,mysql-error-1045,
3546,mutual-authentication,
3547,shipping,
3548,draftjs,
3549,draft-js-plugins,
3550,multipleselection,
3551,influxdb,
3552,modelmapper,
3553,gateway,
3554,checksum,
3555,credit-card,
3556,luhn,
3557,check-digit,
3558,libcurl,
3559,assertion,
3560,chalk,
3561,monorepo,
3562,wallaby.js,
3563,mathematical-optimization,
3564,wicket,
3565,system,
3566,django-channels,
3567,cloudinary,
3568,typed.js,
3569,documentation,
3570,dompdf,
3571,rasterizing,
3572,dynamics-365,
3573,lookupfield,
3574,nfc,
3575,iso-15693,
3576,core-nfc,
3577,ipados13,
3578,selenium-firefoxdriver,
3579,xslt-1.0,
3580,createobject,
3581,uninstall,
3582,passwords,
3583,binning,
3584,jwt-auth,
3585,qtableview,
3586,qabstracttablemodel,
3587,django-model-field,
3588,textview,
3589,remoteview,
3590,openid,
3591,tensorboard,
3592,large-data,
3593,roleprovider,
3594,proof,
3595,messaging,
3596,mysql-8.0,
3597,apexcharts,
3598,information-retrieval,
3599,focus,
3600,amazon-redshift-spectrum,
3601,mix,
3602,centos7,
3603,primeng,
3604,primeng-dropdowns,
3605,activemq,
3606,messagebroker,
3607,confluent-schema-registry,
3608,synchronized,
3609,corda,
3610,c#-8.0,
3611,dropwizard,
3612,photosframework,
3613,chatbot,
3614,hangout,
3615,hangouts-api,
3616,appscript,
3617,logic,
3618,date-arithmetic,
3619,yarnpkg,
3620,parameter-expansion,
3621,hiveql,
3622,beeline,
3623,stateful,
3624,code-signing-certificate,
3625,p12,
3626,dropzone.js,
3627,m,
3628,masstransit,
3629,saga,
3630,wildcard,
3631,scheduler,
3632,uuid,
3633,expectation-maximization,
3634,yellowbrick,
3635,usort,
3636,list-comprehension,
3637,slurm,
3638,dc.js,
3639,crossfilter,
3640,sysinternals,
3641,imagemagick,
3642,color-detection,
3643,ftplib,
3644,elixir,
3645,angular-animations,
3646,hybrid,
3647,iostream,
3648,getline,
3649,hibernate-mapping,
3650,ide-customization,
3651,android-studio-3.5.1,
3652,action,
3653,banking,
3654,opencv4,
3655,keylogger,
3656,python-install,
3657,acrobat,
3658,zoom,
3659,python-attrs,
3660,uisearchcontroller,
3661,thymeleaf,
3662,response,
3663,event-listener,
3664,fn,
3665,winrm,
3666,automator,
3667,hierarchical,
3668,eclipse-cdt,
3669,ds-5,
3670,domain-driven-design,
3671,sharepoint-list,
3672,secret-key,
3673,telnet,
3674,reboot,
3675,intersystems-cache,
3676,delayedvariableexpansion,
3677,fortify,
3678,copy-constructor,
3679,default-constructor,
3680,sap,
3681,sap-cloud-platform,
3682,powershell-5.0,
3683,pipe,
3684,undefined-behavior,
3685,tree-balancing,
3686,android-livedata,
3687,kestrel-http-server,
3688,self-referencing-table,
3689,font-face,
3690,font-family,
3691,azure-eventhub,
3692,denial-of-service,
3693,flooding,
3694,ruby-on-rails-3,
3695,startup,
3696,ios-simulator,
3697,navigationbar,
3698,blazor-server-side,
3699,continuous-integration,
3700,cube.js,
3701,pcf,
3702,shopify-template,
3703,firemonkey,
3704,touchscreen,
3705,tlistview,
3706,tscrollbox,
3707,talend,
3708,filesystems,
3709,google-chrome-app,
3710,xaringan,
3711,nested-table,
3712,ros,
3713,nameerror,
3714,python-packaging,
3715,material-design,
3716,wsgi,
3717,http-put,
3718,stdmap,
3719,yaml-cpp,
3720,subprocess,
3721,playsound,
3722,gtts,
3723,twilio-node,
3724,minhash,
3725,name-mangling,
3726,prettier,
3727,ado,
3728,recordset,
3729,system.reactive,
3730,xlsxwriter,
3731,text-classification,
3732,google-api,
3733,android-calendar,
3734,raku,
3735,cro,
3736,goroutine,
3737,summary,
3738,levels,
3739,delegates,
3740,uisplitviewcontroller,
3741,tabular,
3742,causality,
3743,illegalargumentexception,
3744,git-merge,
3745,imaplib,
3746,min-heap,
3747,local-database,
3748,dexie,
3749,dexiejs,
3750,visual-studio-2012,
3751,spamassassin,
3752,java.time.instant,
3753,qt-creator,
3754,test-suite,
3755,compiler-directives,
3756,mongodb-lookup,
3757,interface,
3758,vivado,
3759,literals,
3760,string-literals,
3761,ampscript,
3762,android-alertdialog,
3763,elasticsearch.net,
3764,lubridate,
3765,duration,
3766,prepared-statement,
3767,rest-assured,
3768,anchor,
3769,react-state-management,
3770,use-effect,
3771,jframe,
3772,video.js,
3773,clappr,
3774,code-analysis,
3775,parity,
3776,amazon-elb,
3777,salesforce-lightning,
3778,lwc,
3779,android-styles,
3780,libgdx,
3781,audio-streaming,
3782,android-data-usage,
3783,mcisendstring,
3784,extent,
3785,vimeo,
3786,vimeo-api,
3787,busboy,
3788,extjs,
3789,google-authenticator,
3790,mfa,
3791,many-to-many,
3792,terraform,
3793,terraform-provider-aws,
3794,config,
3795,keylistener,
3796,tetris,
3797,catch2,
3798,ant,
3799,copy,
3800,matrix-multiplication,
3801,code-signing,
3802,project,
3803,csom,
3804,project-server,
3805,microsoft-project-vba,
3806,django-generic-views,
3807,pagespeed-insights,
3808,esxi,
3809,pickerview,
3810,database-normalization,
3811,3nf,
3812,ord,
3813,broadcastreceiver,
3814,joptionpane,
3815,netbeans-8,
3816,file-get-contents,
3817,spring-websocket,
3818,stomp,
3819,go-templates,
3820,hyper-v,
3821,right-join,
3822,multer,
3823,fluent-ffmpeg,
3824,sharp,
3825,simplexml,
3826,children,
3827,levelplot,
3828,interpolation,
3829,intervals,
3830,linear-interpolation,
3831,url-parameters,
3832,drilldown,
3833,django-admin,
3834,jenkins-declarative-pipeline,
3835,backgroundworker,
3836,cancellation,
3837,siblings,
3838,computer-science,
3839,pseudocode,
3840,blogger,
3841,lazyload,
3842,html-entities,
3843,html-encode,
3844,qbytearray,
3845,qmediaplayer,
3846,qbuffer,
3847,weibull,
3848,imagej-macro,
3849,fiji,
3850,async.js,
3851,dotvvm,
3852,asp.net-web-api-helppages,
3853,webhooks,
3854,hmac,
3855,jsdoc,
3856,documentationjs,
3857,phonegap,
3858,sfsafariviewcontroller,
3859,tidytext,
3860,dependency-management,
3861,aar,
3862,wknavigationdelegate,
3863,monit,
3864,iunknown,
3865,aws-appsync,
3866,activereports,
3867,flask-restful,
3868,fitnesse,
3869,owin,
3870,azure-keyvault,
3871,owin-middleware,
3872,rule-engine,
3873,clips,
3874,httpclientfactory,
3875,sustainsys-saml2,
3876,android-asynctask,
3877,static-methods,
3878,supertest,
3879,browser-link,
3880,spring-social,
3881,spring-social-google,
3882,data-warehouse,
3883,google-app-maker,
3884,class-template,
3885,entity-framework-core-3.0,
3886,ram,
3887,hikaricp,
3888,spring-cloud-config,
3889,xts,
3890,portfolio,
3891,gif,
3892,materialized,
3893,exoplayer,
3894,std-function,
3895,modbus-tcp,
3896,dism,
3897,gsuite,
3898,mobx-state-tree,
3899,eclipse-hono,
3900,directed-acyclic-graphs,
3901,printf,
3902,game-engine,
3903,fft,
3904,spectrogram,
3905,azure-logic-apps,
3906,archetypes,
3907,spring-data-redis,
3908,odata,
3909,azure-resource-manager,
3910,syncfusion,
3911,xamarin.forms-styles,
3912,location,
3913,lmfit,
3914,keycloak,
3915,oidc,
3916,castle-windsor,
3917,castle,
3918,onload,
3919,azure-resource-group,
3920,webmethods,
3921,auth0,
3922,sqlclr,
3923,angular-ng-if,
3924,plpgsql,
3925,combine,
3926,storybook,
3927,angular-storybook,
3928,radio,
3929,radio-group,
3930,shadow-mapping,
3931,interop,
3932,custom-data-attribute,
3933,2d,
3934,dataweave,
3935,summernote,
3936,virtuoso,
3937,actioncable,
3938,play-framework-2.7,
3939,collider,
3940,mysql-dependent-subquery,
3941,scrollmagic,
3942,ipopt,
3943,jquery-validate,
3944,getopts,
3945,tcp-keepalive,
3946,logarithm,
3947,coroutine,
3948,android-tabs,
3949,android-radiobutton,
3950,netbeans-11,
3951,selection,
3952,babeljs,
3953,optional,
3954,codegen,
3955,request-headers,
3956,encode,
3957,hashcode,
3958,material,
3959,stepper,
3960,mat-stepper,
3961,vscode-remote,
3962,ef-core-2.2,
3963,round-robin,
3964,creative-cloud,
3965,gradient,
3966,google-play-console,
3967,android-signing,
3968,curve-fitting,
3969,main,
3970,pepper,
3971,sfdc,
3972,phpmailer,
3973,freetype2,
3974,bloc,
3975,oracle10g,
3976,identifier,
3977,sybase,
3978,calculated-columns,
3979,azure-blob-storage,
3980,azure-media-services,
3981,reportserver,
3982,power-bi-report-server,
3983,code-snippets,
3984,mutate,
3985,angular-ui-router,
3986,struts2,
3987,tfx,
3988,electron.net,
3989,robolectric,
3990,androidx-test,
3991,virtual-keyboard,
3992,jest-preset-angular,
3993,maven-plugin,
3994,cxf-xjc-plugin,
3995,android-viewpager,
3996,double-quotes,
3997,avd-manager,
3998,devextreme,
3999,devextreme-angular,
4000,conflict,
4001,git-merge-conflict,
4002,mutability,
4003,octave,
4004,algebra,
4005,equation-solving,
4006,stacked-chart,
4007,sqlyog,
4008,c++-cli,
4009,clr,
4010,microsoft-graph-sdks,
4011,swig,
4012,tinymce,
4013,facebook-pixel,
4014,canvasjs,
4015,html-rendering,
4016,hostname,
4017,dhcp,
4018,static-ip-address,
4019,pbs,
4020,pathlib,
4021,batman-adv,
4022,uisegmentedcontrol,
4023,kubespray,
4024,formidable,
4025,hdf5,
4026,ld-preload,
4027,robots.txt,
4028,googlebot,
4029,db2-400,
4030,attunity,
4031,mathjax,
4032,sign,
4033,pgp,
4034,dao,
4035,rails-activestorage,
4036,floating-accuracy,
4037,expectations,
4038,criteria,
4039,transfer-learning,
4040,ipc,
4041,babel-plugin,
4042,rad-studio,
4043,tfvc,
4044,ttl,
4045,glmnet,
4046,actions-on-google,
4047,google-assistant-sdk,
4048,google-assist-api,
4049,missing-data,
4050,provisioning-profile,
4051,heuristics,
4052,h2,
4053,angular-module,
4054,angular-library,
4055,paypal-ipn,
4056,http-status-code-403,
4057,linq-to-entities,
4058,export-to-pdf,
4059,simulate,
4060,css-position,
4061,recaptcha,
4062,serde,
4063,rust-diesel,
4064,text-to-speech,
4065,srt,
4066,amazon-polly,
4067,stderr,
4068,svn,
4069,recommendation-engine,
4070,matrix-factorization,
4071,jblas,
4072,fat-binaries,
4073,windows-xp,
4074,pyside2,
4075,convolution,
4076,complex-numbers,
4077,row,
4078,multisite,
4079,doc,
4080,import-module,
4081,logical-operators,
4082,hover,
4083,data-objects,
4084,qthread,
4085,qobject,
4086,mysql-error-2006,
4087,conan,
4088,parasoft,
4089,with-statement,
4090,mixpanel,
4091,clarifai,
4092,rds,
4093,vbscript,
4094,scheduled-tasks,
4095,windowstaskschedule,
4096,phonegap-build,
4097,notification-icons,
4098,escaping,
4099,big-ip,
4100,ibm-cloud,
4101,db2-luw,
4102,chunks,
4103,web2py,
4104,robotframework,
4105,android-bluetooth,
4106,samsung-galaxy,
4107,hoisting,
4108,mask,
4109,alphablending,
4110,reactive,
4111,std,
4112,vega-lite,
4113,pyodbc,
4114,sap-fiori,
4115,setfocus,
4116,portforwarding,
4117,valgrind,
4118,swiperefreshlayout,
4119,traveling-salesman,
4120,google-docs-api,
4121,heron,
4122,sitecore,
4123,masonry,
4124,angular-masonry,
4125,vhdl,
4126,fpga,
4127,quartus,
4128,soc,
4129,pem,
4130,matrix-synapse,
4131,functional-testing,
4132,template-deduction,
4133,jenkins-shared-libraries,
4134,orders,
4135,mockwebserver,
4136,application-verifier,
4137,self-hosting,
4138,jscrollpane,
4139,fbsdk,
4140,react-native-fbsdk,
4141,acl,
4142,cloudflare,
4143,android-version,
4144,inline-assembly,
4145,win-universal-app,
4146,windows-10-universal,
4147,wear-os,
4148,android-wear-data-api,
4149,easyblog,
4150,gantry-framework,
4151,vidyo,
4152,magnolia-scala,
4153,bit-fields,
4154,mobile-browser,
4155,httpbrowsercapabilities,
4156,data-cleaning,
4157,functional-analysis,
4158,limits-without-lhopital,
4159,limits,
4160,numerical-methods,
4161,algorithms,
4162,finite-element-method,
4163,discontinuous-functions,
4164,proof-theory,
4165,differential-geometry,
4166,symplectic-geometry,
4167,number-theory,
4168,prime-numbers,
4169,primitive-roots,
4170,normal-distribution,
4171,expected-value,
4172,means,
4173,euclidean-geometry,
4174,circles,
4175,conic-sections,
4176,inner-product-space,
4177,differential-forms,
4178,vector-bundles,
4179,first-order-logic,
4180,projective-geometry,
4181,real-analysis,
4182,general-topology,
4183,convergence,
4184,sobolev-spaces,
4185,reference-request,
4186,abc-conjecture,
4187,ordinary-differential-equations,
4188,pde,
4189,linear-pde,
4190,EUAF,
4191,nvenc,
4192,netcdf,
4193,nco,
4194,padding,
4195,microsoft-identity-platform,
4196,azure-api-management,
4197,onkeyup,
4198,reporting,
4199,bit-shift,
4200,fixed-point,
4201,api-gateway,
4202,preg-match,
4203,text-manipulation,
4204,bson,
4205,subscript,
4206,mat-table,
4207,ef-code-first,
4208,terraform-provider-azure,
4209,sha1,
4210,phpseclib,
4211,function-attributes,
4212,azureservicebus,
4213,event-sourcing,
4214,eventual-consistency,
4215,http-status-code-404,
4216,wkwebviewconfiguration,
4217,arm-template,
4218,mfc,
4219,cakephp,
4220,cakephp-3.0,
4221,django-2.2,
4222,window-functions,
4223,apache-flink,
4224,pod,
4225,metacpan,
4226,cross-compiling,
4227,ninja,
4228,meson-build,
4229,fullpage.js,
4230,google-chrome-headless,
4231,publish,
4232,delphi-2010,
4233,viewcontroller,
4234,checkmark,
4235,collision-detection,
4236,particle-swarm,
4237,epplus,
4238,yolo,
4239,watermelondb,
4240,gnu-parallel,
4241,fish,
4242,react-native-ios,
4243,nearprotocol,
4244,laravel-routing,
4245,nix,
4246,nixos,
4247,google-cloud-datastore,
4248,jib,
4249,retrofit,
4250,slim,
4251,stackdriver,
4252,google-cloud-stackdriver,
4253,linker-errors,
4254,deployment-target,
4255,ocaml,
4256,cascade,
4257,flutter-navigation,
4258,torch,
4259,meta-tags,
4260,junit5-extension-model,
4261,parse-platform,
4262,parse-server,
4263,htmlspecialchars,
4264,cheerio,
4265,moshi,
4266,uiviewcontroller,
4267,smtp,
4268,load-data-infile,
4269,condition-variable,
4270,oracle11g,
4271,partitioning,
4272,elasticsearch-painless,
4273,selenium-grid,
4274,definition,
4275,angular-cli,
4276,jquery-ui,
4277,designer,
4278,substitution,
4279,android-edittext,
4280,bottomnavigationview,
4281,formula,
4282,save-as,
4283,card-flip,
4284,angular-aot,
4285,select-into,
4286,ibm-doors,
4287,debezium,
4288,ejs,
4289,kafka-producer-api,
4290,dictionary-comprehension,
4291,okhttp,
4292,image-upload,
4293,console.log,
4294,eager-loading,
4295,coordinates,
4296,spring-java-config,
4297,callable-statement,
4298,database-metadata,
4299,outliers,
4300,amazon-dynamodb-streams,
4301,azure-webapps,
4302,println,
4303,twos-complement,
4304,cmdlet,
4305,readonly,
4306,wscript.shell,
4307,utf-16,
4308,corestore,
4309,reflection,
4310,remote-access,
4311,rep,
4312,sqlcl,
4313,history,
4314,adapter,
4315,azure-pipelines-release-pipeline,
4316,cross-validation,
4317,refit,
4318,android-viewholder,
4319,np,
4320,markerclusterer,
4321,gmsmapview,
4322,typescript-typings,
4323,spss,
4324,react-native-firebase,
4325,express-validator,
4326,huawei,
4327,lineseries,
4328,lightningchart,
4329,structuremap,
4330,bootstrap-datetimepicker,
4331,gitlab-ci,
4332,viewmodel,
4333,viewmodelproviders,
4334,temp-tables,
4335,grib,
4336,pygrib,
4337,android-geofence,
4338,cloud-hosting,
4339,ticket-system,
4340,osticket,
4341,android-espresso,
4342,oledb,
4343,pow,
4344,flow,
4345,kotlin-dokka,
4346,kdoc,
4347,jquery-ui-datepicker,
4348,c#-4.0,
4349,jax-rs,
4350,keyframe,
4351,snmp,
4352,net-snmp,
4353,pixel,
4354,querydsl,
4355,aws-java-sdk,
4356,multiplication,
4357,riscv,
4358,modular-arithmetic,
4359,npm-start,
4360,code-coverage,
4361,multilingual,
4362,visual-studio-app-center,
4363,crm,
4364,podio,
4365,highlight,
4366,restsharp,
4367,azure-data-catalog,
4368,resourcedictionary,
4369,draggable,
4370,tensorflow-hub,
4371,finetunning,
4372,dynamics-crm,
4373,guid,
4374,react-native-navigation,
4375,materialize,
4376,submenu,
4377,phoenix-live-view,
4378,flow-js,
4379,datamapper,
4380,annotations,
4381,rerender,
4382,width,
4383,birt,
4384,wxpython,
4385,wxpython-phoenix,
4386,pyxll,
4387,ion-menu,
4388,z-index,
4389,text-processing,
4390,linguistics,
4391,orientation-changes,
4392,cdata,
4393,rspec,
4394,low-latency,
4395,discrete-mathematics,
4396,put,
4397,overwrite,
4398,wicked-pdf,
4399,ruby-1.8.7,
4400,classcastexception,
4401,vscode-debugger,
4402,mshtml,
4403,designmode,
4404,node-request,
4405,variadic-templates,
4406,visual-studio-debugging,
4407,chrome-debugging,
4408,primary-key,
4409,crud,
4410,monodevelop,
4411,tvos,
4412,sign-in-with-apple,
4413,node.js-connect,
4414,jetty-9,
4415,gretty,
4416,wix-react-native-navigation,
4417,wxwidgets,
4418,mingw32,
4419,syntax-highlighting,
4420,string-concatenation,
4421,editing,
4422,ethernet,
4423,android-animation,
4424,kotlin-coroutines,
4425,suspend,
4426,qgridlayout,
4427,hard-drive,
4428,menu,
4429,darknet,
4430,reducers,
4431,tostring,
4432,pycrypto,
4433,hashlib,
4434,mongoid,
4435,selenium2library,
4436,specifications,
4437,react-fullstack,
4438,aapt,
4439,client-library,
4440,azure-vm-scale-set,
4441,postgresql-9.3,
4442,persistent-storage,
4443,sdn,
4444,mininet,
4445,ddos,
4446,onos,
4447,cakephp-3.x,
4448,mpeg2-ts,
4449,arrows,
4450,python-logging,
4451,dateformatter,
4452,jms,
4453,gmail-api,
4454,gmail-addons,
4455,skphysicsjoint,
4456,pcap,
4457,encoder,
4458,appium,
4459,radio-button,
4460,kahadb,
4461,tensorflow-probability,
4462,cart,
4463,conditional-split,
4464,shuffle,
4465,twig-extension,
4466,gofmt,
4467,extract,
4468,marker,
4469,netsuite,
4470,suitescript,
4471,suitescript2.0,
4472,godaddy-api,
4473,amazon-elasticsearch,
4474,sequence-to-sequence,
4475,tensorflow-c++,
4476,woocommerce-rest-api,
4477,floating-action-button,
4478,diffie-hellman,
4479,code-documentation,
4480,urlfetch,
4481,swagger-2.0,
4482,swagger-editor,
4483,mouseevent,
4484,jquery-file-upload,
4485,blockchain,
4486,gamekit,
4487,future,
4488,glut,
4489,freeglut,
4490,sony-smartwatch,
4491,pairing,
4492,tabulate,
4493,typo3,
4494,typo3-8.x,
4495,automapper,
4496,sql-insert,
4497,dapper,
4498,composite-primary-key,
4499,dapper-extensions,
4500,asp.net-mvc-4,
4501,phaser-framework,
4502,phaser,
4503,celerybeat,
4504,blob,
4505,text-to-column,
4506,serverless-framework,
4507,self-executing-function,
4508,2d-games,
4509,csvhelper,
4510,twain,
4511,image-scanner,
4512,kops,
4513,eksctl,
4514,testng,
4515,parameterization,
4516,textbox,
4517,html-input,
4518,geb,
4519,sql-view,
4520,ora-01722,
4521,android-chips,
4522,qabstractlistmodel,
4523,listmodel,
4524,weblogic,
4525,singleton,
4526,ternary-operator,
4527,vb.net-2010,
4528,pattern-finding,
4529,nonlinear-optimization,
4530,scipy-optimize-minimize,
4531,computational-geometry,
4532,quaternions,
4533,imu,
4534,pyyaml,
4535,ruamel.yaml,
4536,finite-automata,
4537,sql-like,
4538,expression-trees,
4539,tidyeval,
4540,mxnet,
4541,pycuda,
4542,floydhub,
4543,tabbar,
4544,cgcontext,
4545,python-standalone,
4546,fbs,
4547,pymysql,
4548,cleardb,
4549,harp.gl,
4550,chaquopy,
4551,border,
4552,onbackpressed,
4553,two-factor-authentication,
4554,python-rq,
4555,task,
4556,apollo-server,
4557,prisma,
4558,objectmapper,
4559,docker-container,
4560,rank,
4561,measure,
4562,android-context,
4563,android-application-class,
4564,taskcompletionsource,
4565,azure-machine-learning-service,
4566,devtools,
4567,remotes,
4568,popmotion,
4569,react-pose,
4570,unauthorized,
4571,symmetric,
4572,llvm,
4573,ptx,
4574,voice-recognition,
4575,voice,
4576,app-actions,
4577,curses,
4578,javabeans,
4579,require,
4580,forestplot,
4581,qemu,
4582,samsung-mobile,
4583,erlang,
4584,otp,
4585,confluence-rest-api,
4586,qmenu,
4587,batch-processing,
4588,retrying,
4589,alexa,
4590,alexa-skills-kit,
4591,alexa-skill,
4592,gps,
4593,satellite,
4594,overloading,
4595,return-type,
4596,kubectl,
4597,aws-iam-authenticator,
4598,keyboard-layout,
4599,geofire,
4600,openstack,
4601,devstack,
4602,xmpp,
4603,openfire,
4604,multiuserchat,
4605,html-to-pdf,
4606,mount,
4607,fstab,
4608,importrange,
4609,multi-tenant,
4610,scrollview,
4611,printdocument,
4612,django-autocomplete-light,
4613,require-once,
4614,windows-server-2012,
4615,web-platform-installer,
4616,spring-tool-suite,
4617,spring-integration,
4618,spring-jms,
4619,blueprint,
4620,hdp,
4621,heatmap,
4622,polar-coordinates,
4623,cartesian-coordinates,
4624,hazelcast,
4625,stdvector,
4626,textfield,
4627,boost-asio,
4628,bytebuffer,
4629,java-security,
4630,charbuffer,
4631,pm2,
4632,ssrs-2012,
4633,rectangles,
4634,ssrs-tablix,
4635,key-value,
4636,hl7,
4637,uri,
4638,opencv3.0,
4639,slidingdrawer,
4640,eyeshot,
4641,office365,
4642,selected,
4643,powermockito,
4644,datagridview,
4645,azure-web-app-service,
4646,azure-app-service-plans,
4647,app-service-environment,
4648,internet-explorer-11,
4649,uproot,
4650,tm,
4651,slam,
4652,mfmailcomposeviewcontroller,
4653,laravel-validation,
4654,dropbox-api,
4655,swiftydropbox,
4656,adaptive-cards,
4657,session-variables,
4658,system-verilog,
4659,uimenucontroller,
4660,httpwebrequest,
4661,texture2d,
4662,is-empty,
4663,pom.xml,
4664,custom-fields,
4665,reset,
4666,sql-tuning,
4667,android-tablelayout,
4668,data-augmentation,
4669,database-restore,
4670,roll-forward,
4671,verilog,
4672,rom,
4673,azure-deployment,
4674,fluent-migrator,
4675,i,
4676,licensing,
4677,webdrivermanager-java,
4678,stringstream,
4679,spotfire,
4680,spotfire-webplayer,
4681,excel-addins,
4682,ribbon-control,
4683,activation,
4684,endpoint,
4685,fpdf,
4686,explode,
4687,str-replace,
4688,criteria-api,
4689,powerapps,
4690,gimp,
4691,script-fu,
4692,styles,
4693,fill,
4694,stroke,
4695,azure-pipelines-build-task,
4696,null-pointer,
4697,aot,
4698,pessimistic-locking,
4699,directadmin,
4700,ld,
4701,xorg,
4702,ldd,
4703,mesibo,
4704,flux,
4705,containstable,
4706,alert,
4707,tokenize,
4708,jamstack,
4709,html-parsing,
4710,chartjs-2.6.0,
4711,react-chartjs,
4712,cuba-platform,
4713,ng-bootstrap,
4714,android-6.0-marshmallow,
4715,android-nestedscrollview,
4716,assert,
4717,elementtree,
4718,terminology,
4719,keep-alive,
4720,glfw,
4721,chat,
4722,biopython,
4723,rfe,
4724,data-driven,
4725,settings,
4726,wav,
4727,netbeans-8.2,
4728,default,
4729,line,
4730,line-numbers,
4731,parsing-error,
4732,loss-function,
4733,mkmapview,
4734,mkannotation,
4735,mkannotationview,
4736,mkmapviewdelegate,
4737,trains,
4738,autodesk-designautomation,
4739,kubernetes-secrets,
4740,file-conversion,
4741,posixct,
4742,stringify,
4743,lazy-initialization,
4744,sliding-window,
4745,reporters,
4746,branding,
4747,nopcommerce-4.1,
4748,dagger-2,
4749,hevc,
4750,wasm-bindgen,
4751,ffmpeg.js,
4752,viper,
4753,d,
4754,qlineedit,
4755,qcompleter,
4756,logistic-regression,
4757,graphlookup,
4758,job-scheduling,
4759,vcalendar,
4760,associative-array,
4761,psutil,
4762,solr,
4763,dataimporthandler,
4764,deep-copy,
4765,oozie-workflow,
4766,multiplexing,
4767,sharepoint-online,
4768,user-data,
4769,big-o,
4770,touch,
4771,paint,
4772,qlpreviewcontroller,
4773,c-minus-minus,
4774,delaunay,
4775,dos,
4776,pika,
4777,ngen,
4778,unzip,
4779,uinavigationcontroller,
4780,webresponse,
4781,account,
4782,ngx-translate,
4783,angular-material2,
4784,angular-material-6,
4785,ef-migrations,
4786,opentext,
4787,ecm,
4788,scheduledexecutorservice,
4789,xpages,
4790,lotus-domino,
4791,msbuild,
4792,lisp,
4793,asp-classic,
4794,ibm-cloud-infrastructure,
4795,sql-order-by,
4796,office-interop,
4797,parametric-polymorphism,
4798,offline-caching,
4799,aws-ecr,
4800,react-modal,
4801,memorycache,
4802,whmcs,
4803,hana,
4804,hana-studio,
4805,content-type,
4806,lint,
4807,ecmascript-7,
4808,television,
4809,embedly,
4810,contour,
4811,linkedin-api,
4812,app-search,
4813,pdfmake,
4814,django-admin-actions,
4815,embed,
4816,gridview,
4817,findcontrol,
4818,orm,
4819,django-migrations,
4820,django-1.11,
4821,keyof,
4822,laravel-valet,
4823,dynamics-365-operations,
4824,insert,
4825,spark-cassandra-connector,
4826,rawsql,
4827,legend,
4828,pie-chart,
4829,png,
4830,exchange-server-2007,
4831,outlook-api,
4832,react-360,
4833,core-data-migration,
4834,wireless,
4835,ad-hoc-network,
4836,http4s,
4837,zoo,
4838,forecast,
4839,node-pdfkit,
4840,eslintrc,
4841,portaudio,
4842,z3,
4843,smt,
4844,sat-solvers,
4845,feature-selection,
4846,aurelia,
4847,aurelia-framework,
4848,aurelia-templating,
4849,http-live-streaming,
4850,m3u8,
4851,hls.js,
4852,mailer,
4853,subject,
4854,unification,
4855,lombok,
4856,fullcalendar-1,
4857,azure-web-sites,
4858,weblogic12c,
4859,elisp,
4860,admob,
4861,gettext,
4862,translate,
4863,coldfusion,
4864,coldfusion-11,
4865,lucee,
4866,coldfusion-2016,
4867,cfpdf,
4868,fastlane,
4869,codemagic,
4870,urlencode,
4871,c-preprocessor,
4872,stickyrecycleview,
4873,series,
4874,maximo,
4875,uialertview,
4876,pljson,
4877,command-prompt,
4878,mpandroidchart,
4879,one-time-password,
4880,.htpasswd,
4881,bookshelf.js,
4882,spinnaker,
4883,facebook-login,
4884,google-login,
4885,unordered-map,
4886,kotlin-multiplatform,
4887,kotlin-native,
4888,cloudfoundry,
4889,cf-cli,
4890,httr,
4891,amazon-elasticache,
4892,jupyter-lab,
4893,ocelot,
4894,taskscheduler,
4895,com,
4896,date-comparison,
4897,dereference,
4898,android-design-library,
4899,es6-modules,
4900,filepath,
4901,database-trigger,
4902,angular-router,
4903,imessage-extension,
4904,autolayout,
4905,uistackview,
4906,bind,
4907,x509certificate2,
4908,certutil,
4909,graph-algorithm,
4910,glassfish,
4911,eclipselink,
4912,block,
4913,nio,
4914,nonblocking,
4915,language-detection,
4916,android-tablayout,
4917,swagger-codegen,
4918,mmap,
4919,reduce,
4920,django-templates,
4921,qtspim,
4922,mars,
4923,angular-universal,
4924,helper,
4925,preload,
4926,outline,
4927,goclipse,
4928,outline-view,
4929,git-clone,
4930,terraform-template-file,
4931,dynamic-data,
4932,angular-material-table,
4933,android-cardview,
4934,crystal-reports-2010,
4935,cargo,
4936,exception-specification,
4937,flatpickr,
4938,nvidia,
4939,spannablestring,
4940,nameservers,
4941,virtual-server,
4942,beta,
4943,testflight-public-link,
4944,probability-distribution,
4945,python-sounddevice,
4946,vagrant,
4947,virtualbox,
4948,android-management-api,
4949,android-enterprise,
4950,django-static,
4951,password-less,
4952,handshake,
4953,dtls,
4954,virtual-printer,
4955,lucene,
4956,upsert,
4957,dummy-variable,
4958,gas,
4959,image-optimization,
4960,mochawesome,
4961,pymssql,
4962,base,
4963,google-cloud-data-fusion,
4964,laravel-passport,
4965,multistore,
4966,actionscript,
4967,air,
4968,adobe-animate,
4969,angular-testing,
4970,dblink,
4971,git-fork,
4972,react-native-web,
4973,xml2,
4974,cordova-plugins,
4975,apache-spark-mllib,
4976,inner-join,
4977,rails-activerecord,
4978,database-view,
4979,saml-2.0,
4980,windows-installer,
4981,code-generation,
4982,modular-design,
4983,browser-cache,
4984,google-calendar-recurring-events,
4985,logback,
4986,spring-logback,
4987,core-bluetooth,
4988,disconnect,
4989,conditional-aggregation,
4990,wpf-controls,
4991,windows-console,
4992,stylecop,
4993,stylecop-plus,
4994,mysql-error-1136,
4995,serverless,
4996,uv-mapping,
4997,window-server,
4998,freemarker,
4999,smooks,
5000,jfrog-cli,
5001,ksql,
5002,ctypes,
5003,codenameone,
5004,email-validation,
5005,forgot-password,
5006,openlayers,
5007,email-ext,
5008,crouton-os,
5009,chrome-webrequest,
5010,trend,
5011,des,
5012,asciidoc,
5013,asciidoctor,
5014,stackexchange.redis,
5015,bootstrapping,
5016,lme4,
5017,openssh,
5018,macos-mojave,
5019,tornadofx,
5020,sanity,
5021,headless-cms,
5022,icmp,
5023,loopback4,
5024,mongo-shell,
5025,query-string,
5026,webkit,
5027,dft,
5028,aws-sdk-nodejs,
5029,cancellation-token,
5030,adsense,
5031,adsense-api,
5032,jetbrains-ide,
5033,dottrace,
5034,cognos,
5035,apache2.4,
5036,cognos-10,
5037,apache2.2,
5038,trust,
5039,integration-testing,
5040,imgkit,
5041,chirp,
5042,export-csv,
5043,stream-builder,
5044,zipoutputstream,
5045,coffeescript,
5046,asset-pipeline,
5047,axis-labels,
5048,thread-safety,
5049,react-native-push-notification,
5050,facebook-python-business-sdk,
5051,facebook-business-sdk,
5052,jenkins-cli,
5053,knn,
5054,kendo-treeview,
5055,editorconfig,
5056,genetic-algorithm,
5057,evolutionary-algorithm,
5058,deap,
5059,flutter-listview,
5060,clasp,
5061,ssrs-2008,
5062,query-designer,
5063,automapper-7,
5064,xcode10,
5065,messagekit,
5066,apache-zeppelin,
5067,azure-iot-sdk,
5068,azure-iot-hub-device-management,
5069,requiredfieldvalidator,
5070,ngmodel,
5071,answer-set-programming,
5072,victory-charts,
5073,azure-cli,
5074,bulkinsert,
5075,ngxs,
5076,angular-state-managmement,
5077,graphviz,
5078,dot,
5079,overflow,
5080,pdfsharp,
5081,cpu-architecture,
5082,temperature,
5083,keyboard,
5084,dismiss,
5085,dismissviewcontroller,
5086,diagonal,
5087,jackson-databind,
5088,fasterxml,
5089,opencover,
5090,reportgenerator,
5091,spss-modeler,
5092,weak-references,
5093,footer,
5094,beacon,
5095,teamcity,
5096,visual-studio-2017-build-tools,
5097,enterprise-architect,
5098,python-unicode,
5099,uislider,
5100,difference,
5101,authenticity-token,
5102,imageprocessor,
5103,finance,
5104,freepascal,
5105,django-pyodbc,
5106,tkinter-scale,
5107,laravel-6.2,
5108,resteasy,
5109,appdynamics,
5110,eoferror,
5111,jhipster-registry,
5112,boost-beast,
5113,mailto,
5114,shadow-cljs,
5115,fulcro,
5116,asn.1,
5117,xer,
5118,mediadevices,
5119,pusher,
5120,webclient,
5121,nuxt,
5122,ramda.js,
5123,destructor,
5124,ros2,
5125,revit,
5126,django-filter,
5127,preview,
5128,intune,
5129,pygsheets,
5130,gitignore,
5131,atlassian-sourcetree,
5132,artifact,
5133,asmx,
5134,rocksdb,
5135,onclicklistener,
5136,vmware-clarity,
5137,openpose,
5138,bond,
5139,swiftbond,
5140,newline,
5141,application-server,
5142,timing,
5143,fstream,
5144,ofstream,
5145,yield,
5146,mapkit,
5147,mktileoverlay,
5148,template-meta-programming,
5149,new-operator,
5150,white-labelling,
5151,toad,
5152,admin-on-rest,
5153,google-cloud-automl,
5154,url-for,
5155,libsvm,
5156,svmlight,
5157,gregorian-calendar,
5158,model-binding,
5159,html-framework-7,
5160,sdl,
5161,sdl-net,
5162,overlap,
5163,nunit,
5164,specflow,
5165,case-insensitive,
5166,google-map-react,
5167,express-gateway,
5168,clipping,
5169,primes,
5170,rdf,
5171,mysql-error-1064,
5172,redux-thunk,
5173,javaloader,
5174,android-reflection,
5175,opengl-es-2.0,
5176,nightwatch.js,
5177,ionic-v1,
5178,subtraction,
5179,doctrine-orm,
5180,uinavigationbar,
5181,backbarbuttonitem,
5182,time-to-first-byte,
5183,c99,
5184,floating,
5185,rate-limiting,
5186,bigint,
5187,memory-address,
5188,sql-optimization,
5189,operationcontract,
5190,gitlab-omnibus,
5191,gitlab-ee,
5192,docker-networking,
5193,jenkins-docker,
5194,operator-overloading,
5195,postmark,
5196,google-directory-api,
5197,progress-bar,
5198,play-json,
5199,multi-module,
5200,koin,
5201,dialog,
5202,post-increment,
5203,pre-increment,
5204,hubnet,
5205,basic-authentication,
5206,c#-6.0,
5207,nameof,
5208,closest,
5209,selectors-api,
5210,getattribute,
5211,form-fields,
5212,appdelegate,
5213,autologin,
5214,visitors,
5215,owl-carousel,
5216,owl-carousel-2,
5217,web-project,
5218,os.system,
5219,android-dialog,
5220,rotation,
5221,grafana-api,
5222,key-pair,
5223,event-viewer,
5224,apache-httpcomponents,
5225,loadrunner,
5226,geoserver,
5227,kafka-rest,
5228,memoization,
5229,minimax,
5230,pacman,
5231,ehcache-3,
5232,elasticsearch-api,
5233,couchbase,
5234,couchbase-ottoman,
5235,setcookie,
5236,youtrack,
5237,lumen,
5238,php-curl,
5239,objection.js,
5240,aem,
5241,google-form,
5242,azure-virtual-network,
5243,azure-managed-identity,
5244,jaeger,
5245,nslocalizedstring,
5246,parameter-sets,
5247,azure-ad-b2b,
5248,windows-7,
5249,discovery,
5250,google-maps-api-2,
5251,intellij-plugin,
5252,scipy-optimize,
5253,onactivityresult,
5254,start-activity,
5255,phone-number,
5256,ignite,
5257,android-icons,
5258,file-processing,
5259,elmish,
5260,angular4-forms,
5261,angular4-httpclient,
5262,confluent-control-center,
5263,microsoft-test-manager,
5264,blobstorage,
5265,azure-storage-account,
5266,trace32,
5267,lauterbach,
5268,quote,
5269,bloomberg,
5270,hyperledger-chaincode,
5271,environment-modules,
5272,lapply,
5273,decorator,
5274,python-decorators,
5275,parentheses,
5276,moleculer,
5277,jbossfuse,
5278,tensorflow-lite,
5279,google-coral,
5280,eel,
5281,text-formatting,
5282,octobercms-plugins,
5283,octobercms-user-plugin,
5284,pyenv,
5285,xunit,
5286,pascalscript,
5287,visual-foxpro,
5288,foxpro,
5289,indexeddb,
5290,360-panorama-viewer,
5291,pannellum,
5292,i18next,
5293,react-i18next,
5294,react-native-drawer,
5295,common-lisp,
5296,clos,
5297,javac,
5298,java-io,
5299,body-parser,
5300,dbf,
5301,fullscreen,
5302,enumeration,
5303,android-lifecycle,
5304,opengl-compat,
5305,nuget,
5306,svelte-component,
5307,svelte-3,
5308,svelte-store,
5309,rancher,
5310,containerd,
5311,k3s,
5312,e2e-testing,
5313,angular-e2e,
5314,kanban,
5315,zabbix,
5316,preprocessor,
5317,qbasic,
5318,window-soft-input-mode,
5319,atl,
5320,wuapi,
5321,special-characters,
5322,lumen-5.8,
5323,tensor-indexing,
5324,spring-amqp,
5325,enter,
5326,android-sensors,
5327,singly-linked-list,
5328,firewalld,
5329,google-analytics-firebase,
5330,websphere-liberty,
5331,xmltype,
5332,google-api-dotnet-client,
5333,effort,
5334,hide,
5335,show,
5336,drush,
5337,pantheon,
5338,google-oauth,
5339,phpunit-testing,
5340,function-pointers,
5341,panel,
5342,file-handling,
5343,ifstream,
5344,production,
5345,pre-signed-url,
5346,delimited-text,
5347,colormap,
5348,vue-cli-3,
5349,urlloader,
5350,ipfs,
5351,friendly-url,
5352,anko,
5353,atom-editor,
5354,traversal,
5355,memory-mapped-files,
5356,dense-rank,
5357,ranking-functions,
5358,bitmapfactory,
5359,phpspreadsheet,
5360,line-breaks,
5361,tabbarcontroller,
5362,worksheet,
5363,ubuntu-server,
5364,azure-bot-service,
5365,tcpdump,
5366,libpcap,
5367,encryption-symmetric,
5368,javax.crypto,
5369,smarty,
5370,prestashop-modules,
5371,angular2-directives,
5372,angular-dynamic-components,
5373,locale,
5374,manjaro,
5375,cache-control,
5376,ngrok,
5377,access-violation,
5378,make-shared,
5379,hystrix,
5380,datefilter,
5381,quartile,
5382,archive,
5383,ipython,
5384,lazy-evaluation,
5385,partialfunction,
5386,tensorflow-serving,
5387,binaryreader,
5388,bcp,
5389,google-cloud-speech,
5390,gantt-chart,
5391,pardot,
5392,innerhtml,
5393,cordova-plugin-fcm,
5394,tfrecord,
5395,devserver,
5396,registrykey,
5397,ppm,
5398,ppi,
5399,quicksort,
5400,normalize,
5401,maven-3,
5402,azure-worker-roles,
5403,servicestack.redis,
5404,assembly-binding-redirect,
5405,predict,
5406,lightgbm,
5407,google-apps-script-editor,
5408,nginx-reverse-proxy,
5409,quasar-framework,
5410,dotenv,
5411,rundeck,
5412,gspread,
5413,aws-security-group,
5414,google-cloud-monitoring,
5415,ehcache,
5416,alembic,
5417,load-time-weaving,
5418,redaction,
5419,dbus,
5420,dbus-python,
5421,graph-databases,
5422,gremlin,
5423,azure-cosmosdb-gremlinapi,
5424,iis-10,
5425,orangehrm,
5426,zeromq,
5427,nsurlconnection,
5428,alamofireimage,
5429,spring-data-elasticsearch,
5430,instagram-api,
5431,instagram-graph-api,
5432,ets,
5433,on-screen-keyboard,
5434,dbi,
5435,shedlock,
5436,tflearn,
5437,wait,
5438,android-architecture-components,
5439,asp.net-web-api2,
5440,motion,
5441,spark-webui,
5442,semantic-release,
5443,firebase-test-lab,
5444,xelement,
5445,double,
5446,ms-access-2007,
5447,datagridviewlinkcolumn,
5448,s,
5449,user-input,
5450,react-table,
5451,react-window,
5452,hexagonal-architecture,
5453,ios8-share-extension,
5454,url-scheme,
5455,f#-compiler-services,
5456,distributed-system,
5457,cap-theorem,
5458,openjfx,
5459,ckeditor,
5460,ibm-connections,
5461,hcl,
5462,kafka-python,
5463,aws-msk,
5464,scatter,
5465,color-space,
5466,spawn,
5467,xterm,
5468,jtable,
5469,regedit,
5470,pojo,
5471,redis-cluster,
5472,borrow,
5473,cfwheels,
5474,taint,
5475,debian-based,
5476,pic,
5477,mplab,
5478,spfx,
5479,render,
5480,flatbuffers,
5481,freerdp,
5482,programmatically,
5483,sha256,
5484,password-encryption,
5485,mongoengine,
5486,mobile-application,
5487,diagram,
5488,flowchart,
5489,mermaid,
5490,cursors,
5491,devise,
5492,qwidget,
5493,java-threads,
5494,cyclicbarrier,
5495,dotliquid,
5496,php-carbon,
5497,typoscript,
5498,typo3-extensions,
5499,failed-installation,
5500,reinstall,
5501,uisearchbar,
5502,dataprovider,
5503,laravel-5.6,
5504,formatter,
5505,cil,
5506,virtuemart,
5507,mouseover,
5508,google-visualization,
5509,vps,
5510,socketserver,
5511,dstream,
5512,volumes,
5513,fortran77,
5514,plesk,
5515,prism,
5516,excel-interop,
5517,stencil-buffer,
5518,jenkins-build-flow,
5519,popupwindow,
5520,android-popupwindow,
5521,xunit.net,
5522,xunit2,
5523,nestedrecyclerview,
5524,flutter-widget,
5525,multiple-monitors,
5526,device-driver,
5527,inf,
5528,device-manager,
5529,java-service-wrapper,
5530,observer-pattern,
5531,behaviorsubject,
5532,lightning,
5533,symfony-3.4,
5534,doctrine-query,
5535,pentaho-spoon,
5536,pentaho-data-integration,
5537,generator,
5538,android-viewmodel,
5539,redux-form,
5540,builder,
5541,nerdtree,
5542,json2html,
5543,react-slick,
5544,ibm-blockchain,
5545,ibp-vscode-extension,
5546,delphi-2009,
5547,tcxgrid,
5548,fromjson,
5549,android-camera,
5550,oracledb,
5551,perlscript,
5552,crashlytics-android,
5553,common-table-expression,
5554,dynamicquery,
5555,unpivot,
5556,postgresql-9.5,
5557,primeng-treetable,
5558,cordova-android,
5559,soapui,
5560,setter,
5561,xmlrpclib,
5562,odoo-website,
5563,compiler-warnings,
5564,func,
5565,tumblr,
5566,jline,
5567,unordered-set,
5568,formbuilder,
5569,audit-trail,
5570,phantomjs,
5571,karma-runner,
5572,azure-files,
5573,iptables,
5574,laravel-forge,
5575,system.configuration,
5576,string-operations,
5577,azure-pipelines-tasks,
5578,azure-pipeline-python-script-task,
5579,apt,
5580,dpkg,
5581,vector-tiles,
5582,usb-debugging,
5583,linker-scripts,
5584,performancecounter,
5585,perf,
5586,intel-pmu,
5587,readlines,
5588,pari,
5589,pechkin,
5590,selectedindexchanged,
5591,android-navigationview,
5592,android-drawer,
5593,hierarchical-clustering,
5594,password-protection,
5595,data-mining,
5596,comma,
5597,enumerate,
5598,apache-httpclient-5.x,
5599,topic-modeling,
5600,memcached,
5601,amazon-ses,
5602,amazon-workmail,
5603,lucid,