Id,Label,timeset
0,c++,
1,templates,
2,c++14,
3,const,
4,specialization,
5,wstring,
6,spi,
7,eeprom,
8,unique-ptr,
9,performance,
10,cmake,
11,visual-studio,
12,visual-studio-2019,
13,clion,
14,loops,
15,decimal,
16,mod,
17,coin-change,
18,initialization,
19,designated-initializer,
20,image,
21,qt,
22,image-processing,
23,gcc,
24,compiler-optimization,
25,intrinsics,
26,data-structures,
27,character,
28,sudoku,
29,optimization,
30,state-machine,
31,extern,
32,operator-precedence,
33,string,
34,search,
35,substring,
36,winapi,
37,casting,
38,priority-queue,
39,video,
40,ms-media-foundation,
41,qgis,
42,geotiff,
43,linked-list,
44,stack,
45,doubly-linked-list,
46,pointers,
47,sizeof,
48,char-pointer,
49,linux,
50,function,
51,type-conversion,
52,decltype,
53,typename,
54,opengl-es,
55,mysql,
56,windows,
57,unix,
58,static-libraries,
59,static-linking,
60,c++11,
61,range,
62,operators,
63,numpy,
64,sorting,
65,vector,
66,partial-ordering,
67,language-lawyer,
68,input,
69,python,
70,dll,
71,wrapper,
72,reuters,
73,pass-by-reference,
74,find,
75,console-application,
76,shared-ptr,
77,scope,
78,polymorphism,
79,sfml,
80,shapes,
81,lnk2019,
82,g++,
83,c++17,
84,math,
85,matrix,
86,eigen,
87,spline,
88,recursive-backtracking,
89,sockets,
90,debugging,
91,server,
92,client,
93,class,
94,collision,
95,graphics,
96,direct3d,
97,ns-3,
98,pybind11,
99,mfc,
100,treeview,
101,permutation,
102,multithreading,
103,condition-variable,
104,json,
105,visual-studio-code,
106,mocking,
107,qml,
108,guid,
109,clang,
110,std,
111,multidimensional-array,
112,delphi,
113,webbrowser-control,
114,mshtml,
115,designmode,
116,variadic-templates,
117,oop,
118,parsing,
119,network-programming,
120,opengl,
121,glut,
122,freeglut,
123,twain,
124,image-scanner,
125,stl,
126,singleton,
127,struct,
128,gstreamer,
129,error-handling,
130,segmentation-fault,
131,stdvector,
132,java,
133,java-native-interface,
134,date,
135,format,
136,date-formatting,
137,r,
138,gdb,
139,qt-creator,
140,rcpp,
141,reference,
142,unicode,
143,stringstream,
144,glfw,
145,output,
146,tree,
147,definition,
148,ios,
149,swift,
150,portaudio,
151,hashmap,
152,unordered-map,
153,com,
154,exception,
155,exception-specification,
156,matlab,
157,code-generation,
158,simulink,
159,io,
160,popen,
161,pid-controller,
162,while-loop,
163,libc++,
164,char,
165,word-automation,
166,numbers,
167,cocos2d-x-3.17,
168,pointer-to-member,
169,readprocessmemory,
170,opencv,
171,object,
172,constructor,
173,private,
174,volatile,
175,void-pointers,
176,googletest,
177,scons,
178,godot,
179,nodes,
180,random,
181,chromium,
182,otl,
183,perfect-forwarding,
184,syntax-error,
185,linker,
186,masm,
187,include,
188,xcode,
189,inline,
190,macos,
191,sdl-2,
192,visual-studio-2015,
193,cuda,
194,c-strings,
195,shortest-path,
196,omnet++,
197,cygwin,
198,visual-c++,
199,metaprogramming,
200,sfinae,
201,multimap,
202,integer,
203,vex,
204,digital-signature,
205,openmp,
206,iostream,
207,getline,
208,micro-optimization,
209,copy-constructor,
210,default-constructor,
211,undefined-behavior,
212,stdmap,
213,yaml-cpp,
214,name-mangling,
215,visual-studio-2012,
216,parity,
217,merge,
218,mergesort,
219,testing,
220,catch2,
221,qbytearray,
222,qmediaplayer,
223,qbuffer,
224,rule-engine,
225,clips,
226,class-template,
227,callback,
228,std-function,
229,glsl,
230,shadow-mapping,
231,cpu,
232,scheduling,
233,round-robin,
234,freetype2,
235,http,
236,destructor,
237,ros2,
238,timing,
239,fstream,
240,ofstream,
241,dynamic,
242,new-operator,
243,tcp,
244,sdl,
245,sdl-net,
246,homebrew,
247,operator-overloading,
248,terminology,
249,dictionary,
250,conditional-statements,
251,port,
252,environment-variables,
253,fullscreen,
254,enumeration,
255,opengl-compat,
256,c-preprocessor,
257,preprocessor,
258,wuapi,
259,file,
260,file-handling,
261,ifstream,
262,traversal,
263,heap,
264,shared-memory,
265,memory-mapped-files,
266,raspberry-pi3,
267,make-shared,
268,redis,
269,openssl,
270,raspberry-pi,
271,jpeg,
272,ppm,
273,thread-safety,
274,time-complexity,
275,complexity-theory,
276,zeromq,
277,textbox,
278,double,
279,hlsl,
280,shader,
281,stencil-buffer,
282,unordered-set,
283,recursion,
284,simpledateformat,
285,strftime,
286,oboe,
287,rust,
288,traits,
289,javascript,
290,node.js,
291,react-native,
292,momentjs,
293,push-notification,
294,jquery,
295,reactjs,
296,sequelize.js,
297,react-redux,
298,pixi.js,
299,jest,
300,rxjs,
301,observable,
302,show-hide,
303,styled-components,
304,semantic-ui,
305,php,
306,methods,
307,socket.io,
308,settimeout,
309,wordpress,
310,operating-system,
311,jquery-select2,
312,routing,
313,react-router,
314,ruby-on-rails,
315,vb.net,
316,typescript,
317,vue.js,
318,web3,
319,python-3.x,
320,selenium,
321,selenium-webdriver,
322,scroll,
323,promise,
324,prototype-programming,
325,visualization,
326,material-ui,
327,safari,
328,navigator,
329,react-google-maps,
330,webcam,
331,postman,
332,newman,
333,raphael,
334,leaflet,
335,react-leaflet,
336,web-component,
337,polymer-3.x,
338,javascript-events,
339,razor,
340,responsive-design,
341,jqchart,
342,scrollto,
343,vivagraphjs,
344,vuejs2,
345,webpack,
346,mongodb,
347,meteor,
348,variables,
349,twitter-bootstrap,
350,session-cookies,
351,splice,
352,reorderlist,
353,vue-cli,
354,vue-render-function,
355,react-hooks,
356,lodash,
357,redux,
358,pdf,
359,printing,
360,svg,
361,scrapy,
362,screen-scraping,
363,scrapy-splash,
364,rss,
365,three.js,
366,rest,
367,session,
368,laravel-5,
369,toggle,
370,spreadsheet,
371,xls,
372,modulo,
373,web-deployment,
374,sass,
375,regex,
376,setinterval,
377,jestjs,
378,navbar,
379,javascript-objects,
380,readability,
381,webpacker,
382,ternary,
383,userscripts,
384,url,
385,symfony,
386,video-streaming,
387,sql,
388,swiper,
389,modal-dialog,
390,onkeyup,
391,puppeteer,
392,transition,
393,timeout,
394,user-interface,
395,mobile,
396,jquery-selectors,
397,kendo-ui,
398,nuxt.js,
399,webview,
400,mongoose,
401,xmlhttprequest,
402,redirect,
403,laravel,
404,laravel-mix,
405,passport.js,
406,zoom,
407,lineseries,
408,lightningchart,
409,jquery-ui-datepicker,
410,keyframe,
411,sapui5,
412,navigation,
413,submenu,
414,rerender,
415,use-effect,
416,visual-studio-debugging,
417,marker,
418,urlfetch,
419,jquery-file-upload,
420,ternary-operator,
421,jwt,
422,pokemon-go,
423,jquery-ui,
424,popmotion,
425,react-pose,
426,textfield,
427,perl,
428,react-admin,
429,react-chartjs,
430,lazy-loading,
431,processing,
432,lint,
433,websocket,
434,samsung-mobile,
435,serialization,
436,tostring,
437,next.js,
438,ssr,
439,radio-button,
440,ms-word,
441,ms-office,
442,ngfor,
443,shopify,
444,shopify-app,
445,json.net,
446,reduce,
447,vue-component,
448,vuetify.js,
449,summernote,
450,jquery.repeater,
451,request,
452,kaizala,
453,opentok,
454,onclick,
455,youtube-api,
456,youtube-iframe-api,
457,react-native-flatlist,
458,yii2,
459,sinon,
460,sinon-chai,
461,web,
462,protractor,
463,recursive-datastructures,
464,ruby,
465,vuex,
466,module,
467,typeerror,
468,semantic-ui-react,
469,parameter-passing,
470,parent-child,
471,liquid,
472,styling,
473,whatsapp,
474,state,
475,react-props,
476,live,
477,page-refresh,
478,responsive,
479,vert.x,
480,web-scraping,
481,router,
482,navigateurl,
483,themes,
484,types,
485,spring-boot,
486,p5.js,
487,plsql,
488,oracle-apex,
489,plsql-package,
490,user-agent,
491,local-storage,
492,parameters,
493,webgl,
494,post,
495,v-for,
496,utc,
497,msal,
498,msal.js,
499,service-worker,
500,progressive-web-apps,
501,mobx,
502,mobx-react,
503,vue-apollo,
504,krakend,
505,sendmail,
506,minify,
507,pagespeed,
508,jimp,
509,mongoose-schema,
510,kendo-multiselect,
511,mocha,
512,vue-router,
513,lightgallery,
514,khan-academy,
515,turn.js,
516,sonarqube,
517,sonarscanner,
518,jplayer,
519,package.json,
520,select,
521,ui-automation,
522,regex-lookarounds,
523,service-worker-events,
524,jsx,
525,netflix-eureka,
526,model-view-controller,
527,jsonpath,
528,typed.js,
529,yacc,
530,material-design,
531,prettier,
532,video.js,
533,salesforce,
534,salesforce-lightning,
535,lwc,
536,zapier,
537,slider,
538,siblings,
539,lazyload,
540,jsdoc,
541,phonegap,
542,sfsafariviewcontroller,
543,unit-testing,
544,karma-jasmine,
545,sharepoint,
546,jsf,
547,primefaces,
548,knockout.js,
549,odata,
550,onload,
551,openlayers,
552,parallax,
553,scrollmagic,
554,jquery-validate,
555,selection,
556,npm,
557,single-sign-on,
558,pepper,
559,webpack-dev-server,
560,microsoft-graph,
561,microsoft-graph-sdks,
562,overlapping,
563,robots.txt,
564,redux-saga,
565,latex,
566,mathjax,
567,sanity,
568,pie-chart,
569,redux-observable,
570,victory-charts,
571,multilingual,
572,overflow,
573,media,
574,mediadevices,
575,nuxt,
576,ramda.js,
577,postgresql,
578,rounding,
579,report,
580,selectors-api,
581,size,
582,knex.js,
583,objection.js,
584,xml,
585,nativescript,
586,react-native-navigation,
587,react-native-drawer,
588,svelte,
589,sapper,
590,svelte-component,
591,svelte-3,
592,svelte-store,
593,wpf,
594,xslt,
595,namespaces,
596,xml-namespaces,
597,special-characters,
598,scatter-plot,
599,trend,
600,nestjs,
601,yarn,
602,s,
603,outlook,
604,pug,
605,mapbox,
606,mapbox-gl-js,
607,mouseover,
608,redux-form,
609,react-slick,
610,thymeleaf,
611,phantomjs,
612,karma-runner,
613,scripting,
614,asynchronous,
615,fs,
616,c#,
617,mstest,
618,flutter,
619,dart,
620,byte,
621,javafx,
622,fxml,
623,sqlite,
624,udp,
625,firebase,
626,pipe,
627,ecmascript-6,
628,ruby-on-rails-5,
629,task,
630,mvvm,
631,prism,
632,async-await,
633,winforms,
634,task-parallel-library,
635,cancellation,
636,canvas,
637,django,
638,python-asyncio,
639,cacheapi,
640,cancellationtokensource,
641,cancellation-token,
642,profiling,
643,jetbrains-ide,
644,dottrace,
645,c,
646,combinations,
647,floating-point,
648,pthreads,
649,realloc,
650,sony,
651,libgphoto2,
652,dup,
653,exec,
654,malloc,
655,sbrk,
656,dynamic-memory-allocation,
657,linux-kernel,
658,timestamp,
659,memory,
660,init,
661,queue,
662,reverse,
663,structure,
664,padding,
665,fixed-point,
666,dynamic-programming,
667,gun,
668,for-loop,
669,nested,
670,function-attributes,
671,return,
672,cross-compiling,
673,ninja,
674,meson-build,
675,linker-errors,
676,static,
677,header,
678,printf,
679,scanf,
680,linux-device-driver,
681,ethernet,
682,pattern-finding,
683,null-pointer,
684,shared-libraries,
685,header-files,
686,dereference,
687,int,
688,switch-statement,
689,short,
690,cs50,
691,vigenere,
692,posix,
693,libraries,
694,libsndfile,
695,strlen,
696,codelite,
697,remote-debugging,
698,gdbserver,
699,nested-loops,
700,x86,
701,perfect-numbers,
702,fork,
703,mingw,
704,debian,
705,uart,
706,fifo,
707,count,
708,memory-management,
709,strcat,
710,free,
711,flex-lexer,
712,vba,
713,process,
714,synchronization,
715,semaphore,
716,max,
717,min,
718,swig,
719,label,
720,lua,
721,overloading,
722,c99,
723,post-increment,
724,pre-increment,
725,shift,
726,enter,
727,singly-linked-list,
728,embedded,
729,infinite-loop,
730,kernel,
731,function-pointers,
732,system-calls,
733,makefile,
734,scatter,
735,iar,
736,linker-scripts,
737,itertools,
738,controls,
739,layer,
740,picturebox,
741,organization,
742,spring,
743,telegram,
744,xampp,
745,notifications,
746,osgi,
747,java-11,
748,osgi-bundle,
749,primitive-types,
750,java.util.scanner,
751,java-8,
752,junit,
753,jndi,
754,junit5,
755,maven,
756,jsp,
757,jstl,
758,paradox,
759,jogl,
760,swing,
761,web-services,
762,soap,
763,webservice-client,
764,netty,
765,reverse-engineering,
766,listview,
767,java.util.concurrent,
768,naming-conventions,
769,jpa,
770,java-ee,
771,spring-mvc,
772,jaxb,
773,jersey,
774,screen,
775,signal-strength,
776,sql-server,
777,sql-server-2000,
778,software-design,
779,spinner,
780,sharedpreferences,
781,nullpointerexception,
782,playframework,
783,ws-client,
784,stream,
785,java-9,
786,javamail,
787,return-value,
788,screenshot,
789,sceneform,
790,yaml,
791,servlets,
792,jsf-1.2,
793,spring-data,
794,spring-data-neo4j,
795,jdbc,
796,kotlin,
797,opentsdb,
798,ssl,
799,sslsocketfactory,
800,sslserversocket,
801,jboss,
802,jetty,
803,rpc,
804,tasklet,
805,jlabel,
806,rmi,
807,spring-security,
808,minecraft-forge,
809,minecraft,
810,xsd,
811,vfs,
812,spring-data-jpa,
813,jvmti,
814,jfr,
815,preorder,
816,mule,
817,save,
818,transactions,
819,rabbitmq,
820,spring-rabbitmq,
821,scala,
822,mobile-development,
823,networking,
824,rsa,
825,sha1,
826,phpseclib,
827,long-integer,
828,typeconverter,
829,spring-test,
830,sdk,
831,java-13,
832,spring-validator,
833,jvm,
834,runtime,
835,publish,
836,junit5-extension-model,
837,spring-kafka,
838,kafka-producer-api,
839,oracle11g,
840,spring-java-config,
841,println,
842,java-stream,
843,properties,
844,literals,
845,mockito,
846,orientation-changes,
847,put,
848,spring-cloud,
849,string-concatenation,
850,list,
851,web-applications,
852,mouseevent,
853,widget,
854,ubuntu,
855,material-components,
856,material-components-android,
857,weblogic,
858,shell,
859,stripe-payments,
860,objectmapper,
861,spring-boot-actuator,
862,javabeans,
863,return-type,
864,java-security,
865,powermockito,
866,selenium-chromedriver,
867,webdrivermanager-java,
868,pessimistic-locking,
869,project-reactor,
870,spring-websocket,
871,junit4,
872,joptionpane,
873,netbeans-8.2,
874,line,
875,line-numbers,
876,parsing-error,
877,rx-java2,
878,logic,
879,opentext,
880,scheduledexecutorservice,
881,xpages,
882,lotus-domino,
883,oracle,
884,sql-order-by,
885,oracle12c,
886,recycler-adapter,
887,memorycache,
888,microservices,
889,lombok,
890,weblogic12c,
891,urlencode,
892,mpandroidchart,
893,sum,
894,lambda,
895,nio,
896,nonblocking,
897,slf4j,
898,slf4j-api,
899,window,
900,netbeans-8,
901,virtual-printer,
902,threadpoolexecutor,
903,migration,
904,openjdk-12,
905,log4j,
906,tomcat,
907,war,
908,nashorn,
909,puzzle,
910,user-tracking,
911,jdbctemplate,
912,trie,
913,spring-batch,
914,tapestry,
915,pcm,
916,mapreduce,
917,reactive-programming,
918,spring-webflux,
919,ssl-certificate,
920,tomcat8,
921,spring-mvc-test,
922,starvation,
923,wildfly,
924,scenebuilder,
925,swagger,
926,openapi,
927,square,
928,super,
929,pass-by-value,
930,listener,
931,zebra,
932,locking,
933,jtree,
934,jenkins-pipeline,
935,jlist,
936,jfilechooser,
937,pdfbox,
938,ssm,
939,logging,
940,performance-testing,
941,jmh,
942,servlet-filters,
943,web-inf,
944,palindrome,
945,security,
946,jnienv,
947,parcelable,
948,paypal,
949,presto,
950,pi,
951,javalin,
952,release,
953,spring-transactions,
954,wicket,
955,webdriver,
956,selenium-firefoxdriver,
957,synchronized,
958,set,
959,uuid,
960,tree-balancing,
961,pcf,
962,min-heap,
963,java.time.instant,
964,xpath,
965,rest-assured,
966,jframe,
967,textview,
968,keylistener,
969,tetris,
970,static-methods,
971,smooks,
972,tcp-keepalive,
973,retrofit2,
974,optional,
975,runtime-error,
976,main,
977,syntax,
978,javafx-8,
979,maven-plugin,
980,zipoutputstream,
981,resteasy,
982,primes,
983,javaloader,
984,mybatis,
985,jenkins,
986,proxy,
987,postmark,
988,signature,
989,key-pair,
990,javac,
991,java-io,
992,websphere-liberty,
993,xmltype,
994,path,
995,javax.crypto,
996,spring-data-mongodb,
997,netbeans,
998,maven-3,
999,jenkins-plugins,
1000,spark-webui,
1001,ubuntu-18.04,
1002,jtable,
1003,pojo,
1004,reflection,
1005,java-threads,
1006,key,
1007,multiple-monitors,
1008,java-service-wrapper,
1009,setter,
1010,jline,
1011,hibernate,
1012,hql,
1013,jpql,
1014,hibernate-criteria,
1015,logback,
1016,spring-logback,
1017,hibernate-mapping,
1018,integration-testing,
1019,express,
1020,heroku,
1021,https,
1022,nodejs-server,
1023,tdd,
1024,html,
1025,nginx,
1026,parse-platform,
1027,parse-server,
1028,express-validator,
1029,mern,
1030,graphql,
1031,express-graphql,
1032,multer,
1033,fluent-ffmpeg,
1034,sharp,
1035,get,
1036,xgboost,
1037,python-click,
1038,python-2.7,
1039,qpainter,
1040,python-import,
1041,python-3.7,
1042,python-dataclasses,
1043,web.py,
1044,tensorflow,
1045,tensorflow-datasets,
1046,tensorflow2.0,
1047,turtle-graphics,
1048,python-requests,
1049,scoping,
1050,scikit-learn,
1051,tkinter,
1052,pytorch,
1053,redistogo,
1054,tuples,
1055,scipy,
1056,volttron,
1057,rolling-computation,
1058,quantopian,
1059,text-parsing,
1060,python-unittest,
1061,twitter,
1062,signal-processing,
1063,resnet,
1064,sklearn-pandas,
1065,stock,
1066,twinx,
1067,subplot,
1068,vim,
1069,slice,
1070,time-series,
1071,seq2seq,
1072,split,
1073,timedelta,
1074,spyder,
1075,sftp,
1076,winscp,
1077,shutil,
1078,ttk,
1079,ssh,
1080,tags,
1081,word,
1082,python-imaging-library,
1083,theano,
1084,virtualenv,
1085,python-datetime,
1086,word2vec,
1087,sqlalchemy,
1088,timer,
1089,vectorization,
1090,spacy,
1091,pyzmq,
1092,system-paths,
1093,wmi,
1094,twython,
1095,splash-screen,
1096,time,
1097,youtube,
1098,youtube-dl,
1099,subprocess,
1100,teradata-sql-assistant,
1101,torch,
1102,substitution,
1103,vscode-settings,
1104,recurrent-neural-network,
1105,text,
1106,transfer-learning,
1107,tensorflow-hub,
1108,sentiment-analysis,
1109,qgridlayout,
1110,robotframework,
1111,selenium2library,
1112,python-logging,
1113,tensorflow-probability,
1114,tabulate,
1115,text-to-column,
1116,reinforcement-learning,
1117,tensor,
1118,scipy-optimize-minimize,
1119,pyyaml,
1120,ruamel.yaml,
1121,python-standalone,
1122,two-factor-authentication,
1123,python-rq,
1124,qmenu,
1125,wkhtmltopdf,
1126,traceback,
1127,xml-parsing,
1128,rfe,
1129,wav,
1130,temporary-files,
1131,trains,
1132,sliding-window,
1133,python-pptx,
1134,qlineedit,
1135,qcompleter,
1136,qthread,
1137,zip,
1138,q-learning,
1139,z3,
1140,smt,
1141,sat-solvers,
1142,series,
1143,qt-designer,
1144,web-crawler,
1145,python-sounddevice,
1146,seaborn,
1147,qwebview,
1148,qwebkit,
1149,remote-server,
1150,qchart,
1151,python-3.8,
1152,smote,
1153,usrp,
1154,uhd,
1155,python-module,
1156,warehouse,
1157,using,
1158,webdriverwait,
1159,unique,
1160,spotipy,
1161,tweepy,
1162,statistics,
1163,statsmodels,
1164,reset-password,
1165,vpn,
1166,python-requests-html,
1167,replace,
1168,python-3.6,
1169,try-catch,
1170,valueerror,
1171,tkinter-layout,
1172,scapy,
1173,ssid,
1174,telnetlib,
1175,pyzo,
1176,soda,
1177,win32com,
1178,pythoncom,
1179,validation,
1180,tableau,
1181,sequence-generators,
1182,request.form,
1183,sympy,
1184,sparse-matrix,
1185,wtforms,
1186,python-multiprocessing,
1187,refactoring,
1188,query-performance,
1189,worker-pool,
1190,writing,
1191,svm,
1192,scikit-image,
1193,sequential,
1194,trace,
1195,python-xarray,
1196,r-markdown,
1197,reticulate,
1198,static-analysis,
1199,twisted,
1200,regex-group,
1201,twilio-api,
1202,rasterizing,
1203,qtableview,
1204,qabstracttablemodel,
1205,scheduler,
1206,python-attrs,
1207,ros,
1208,python-packaging,
1209,wsgi,
1210,xlsxwriter,
1211,text-classification,
1212,xor,
1213,wireshark,
1214,python-2.x,
1215,scale,
1216,tfx,
1217,rds,
1218,weak-references,
1219,url-for,
1220,svmlight,
1221,rate-limiting,
1222,scipy-optimize,
1223,quote,
1224,python-decorators,
1225,quicksort,
1226,tflearn,
1227,spark-streaming,
1228,wixcode,
1229,sha256,
1230,spark-structured-streaming,
1231,socketserver,
1232,trigonometry,
1233,tensorboard,
1234,scalar,
1235,schema,
1236,static-initialization,
1237,storage,
1238,scheme,
1239,racket,
1240,pyqt5,
1241,rm,
1242,raster,
1243,r-package,
1244,region,
1245,pandas,
1246,updates,
1247,purrr,
1248,xmllint,
1249,xmlstarlet,
1250,xmlnode,
1251,xmlnodelist,
1252,xslt-3.0,
1253,python-3.7.4,
1254,prolog,
1255,swi-prolog,
1256,os.walk,
1257,nim-lang,
1258,sed,
1259,xargs,
1260,json-deserialization,
1261,phpmyadmin,
1262,swift4,
1263,voice-recognition,
1264,voice,
1265,unity3d,
1266,texture2d,
1267,tokenize,
1268,jsonschema,
1269,json-schema-validator,
1270,nscoding,
1271,laravel-6,
1272,powershell,
1273,mediator,
1274,tsql,
1275,sql-server-2016,
1276,symfony4,
1277,servicestack,
1278,laravel-5.8,
1279,sharepoint-list,
1280,pyspark,
1281,talend,
1282,request-headers,
1283,kendo-ui-angular2,
1284,kendo-treeview,
1285,play-json,
1286,visual-foxpro,
1287,nestedrecyclerview,
1288,gunicorn,
1289,django-rest-framework,
1290,django-allauth,
1291,django-rest-auth,
1292,web-development-server,
1293,django-models,
1294,view,
1295,model,
1296,mysql-connector,
1297,docker,
1298,django-forms,
1299,django-views,
1300,middleware,
1301,django-queryset,
1302,django-redis,
1303,django-annotate,
1304,django-orm,
1305,django-subquery,
1306,django-urls,
1307,django-admin,
1308,django-2.2,
1309,django-class-based-views,
1310,join,
1311,django-admin-actions,
1312,django-migrations,
1313,django-1.11,
1314,django-templates,
1315,nameservers,
1316,virtual-server,
1317,orm,
1318,django-serializer,
1319,mixins,
1320,pytest,
1321,pytest-django,
1322,manage.py,
1323,django-authentication,
1324,image-compression,
1325,forms,
1326,tempus-dominus-datetimepicker,
1327,nginx-location,
1328,psycopg2,
1329,django-channels,
1330,django-model-field,
1331,large-data,
1332,messaging,
1333,google-app-engine,
1334,google-cloud-sql,
1335,localization,
1336,django-generic-views,
1337,django-filter,
1338,form-fields,
1339,timezone,
1340,docker-compose,
1341,dockerfile,
1342,android,
1343,android-studio,
1344,audio,
1345,android-ndk,
1346,synchronous,
1347,firebase-dynamic-links,
1348,android-recyclerview,
1349,android-thread,
1350,database,
1351,button,
1352,android-drawable,
1353,angular,
1354,background,
1355,xamarin,
1356,reactiveui,
1357,splat,
1358,stack-overflow,
1359,android-intent,
1360,android-activity,
1361,imageview,
1362,pinchzoom,
1363,translate-animation,
1364,bluetooth,
1365,arduino-uno,
1366,gradle,
1367,google-play-services,
1368,api,
1369,direction,
1370,firebase-realtime-database,
1371,fragment,
1372,baseadapter,
1373,android-fragments,
1374,android-fragmentactivity,
1375,android-custom-view,
1376,android-windowmanager,
1377,fetch-api,
1378,background-service,
1379,android-layout,
1380,android-linearlayout,
1381,xamarin.android,
1382,aws-amplify,
1383,android-sqlite,
1384,android-framelayout,
1385,fragment-backstack,
1386,cardview,
1387,privacy,
1388,arcore,
1389,connect,
1390,android-bottomnavigationview,
1391,generics,
1392,datepicker,
1393,android-bitmap,
1394,android-anr-dialog,
1395,here-api,
1396,crash-reports,
1397,android-connectivitymanager,
1398,multipath,
1399,android-tabhost,
1400,android-room,
1401,gluon,
1402,in-app-billing,
1403,in-app-subscription,
1404,android-actionbar,
1405,android-appcompat,
1406,android-darkmode,
1407,in-app-purchase,
1408,barcode-scanner,
1409,google-maps,
1410,service,
1411,streaming,
1412,android-support-library,
1413,androidx,
1414,android-sdk-manager,
1415,google-maps-markers,
1416,android-adapter,
1417,calculation,
1418,firebase-storage,
1419,localbroadcastmanager,
1420,android-manifest,
1421,screen-orientation,
1422,android-wifi,
1423,android-10.0,
1424,google-play,
1425,firebase-cloud-messaging,
1426,retrofit,
1427,slim,
1428,moshi,
1429,android-edittext,
1430,bottomnavigationview,
1431,card-flip,
1432,okhttp,
1433,image-upload,
1434,android-viewholder,
1435,android-geofence,
1436,icons,
1437,android-espresso,
1438,dependencies,
1439,build.gradle,
1440,android-gradle-plugin,
1441,react-native-android,
1442,ionic-framework,
1443,android-animation,
1444,coroutine,
1445,kotlin-coroutines,
1446,suspend,
1447,floating-action-button,
1448,sony-smartwatch,
1449,pairing,
1450,android-constraintlayout,
1451,gson,
1452,android-view,
1453,android-chips,
1454,android-context,
1455,android-application-class,
1456,app-actions,
1457,android-emulator,
1458,qemu,
1459,gps,
1460,satellite,
1461,xmpp,
1462,openfire,
1463,multiuserchat,
1464,identityserver4,
1465,multi-tenant,
1466,scrollview,
1467,uri,
1468,slidingdrawer,
1469,android-tablelayout,
1470,plugins,
1471,google-fabric,
1472,styles,
1473,fill,
1474,stroke,
1475,crash,
1476,native,
1477,android-6.0-marshmallow,
1478,android-native-library,
1479,toolbar,
1480,android-nestedscrollview,
1481,oauth-2.0,
1482,firebase-authentication,
1483,chat,
1484,google-cloud-firestore,
1485,android-viewpager,
1486,calendar,
1487,dagger-2,
1488,touch,
1489,paint,
1490,audio-streaming,
1491,exoplayer,
1492,audio-player,
1493,offline-caching,
1494,emulation,
1495,television,
1496,broadcastreceiver,
1497,exoplayer2.x,
1498,stickyrecycleview,
1499,one-time-password,
1500,augmented-reality,
1501,spark-ar-studio,
1502,android-jetpack,
1503,android-jetpack-compose,
1504,xamarin.forms,
1505,android-design-library,
1506,appium,
1507,android-cardview,
1508,spannablestring,
1509,image-optimization,
1510,android-databinding,
1511,safearealayoutguide,
1512,android-cutout,
1513,jar,
1514,arraylist,
1515,cordova-plugins,
1516,ionic4,
1517,google-login,
1518,browser-cache,
1519,google-calendar-recurring-events,
1520,share,
1521,clickablespan,
1522,build,
1523,retrolambda,
1524,android-security,
1525,android-source,
1526,colors,
1527,android-workmanager,
1528,android-fullscreen,
1529,android-paging,
1530,launcher,
1531,android-launcher,
1532,apollo,
1533,react-apollo,
1534,apollo-client,
1535,android-listview,
1536,android-spinner,
1537,google-drive-api,
1538,google-drive-android-api,
1539,artificial-intelligence,
1540,google-play-games,
1541,package,
1542,android-permissions,
1543,android-coordinatorlayout,
1544,supportmapfragment,
1545,media-source,
1546,reportportal,
1547,inflate-exception,
1548,audiotrack,
1549,grid-layout,
1550,certificate,
1551,apk,
1552,selinux,
1553,clock,
1554,android-9.0-pie,
1555,roaming,
1556,iphone,
1557,android-audiomanager,
1558,asp.net-mvc,
1559,android-mediaplayer,
1560,android-videoview,
1561,in-app-update,
1562,google-play-core,
1563,flask,
1564,css,
1565,crashlytics,
1566,drawing,
1567,android-canvas,
1568,hybrid-mobile-app,
1569,fragment-lifecycle,
1570,paging,
1571,jetpack,
1572,room,
1573,design-patterns,
1574,bottom-sheet,
1575,drawable,
1576,rx-java,
1577,android-preferences,
1578,buffer,
1579,data-binding,
1580,android-webview,
1581,effects,
1582,openvpn,
1583,chroot,
1584,tun,
1585,android-notifications,
1586,datetime,
1587,xaml,
1588,playstation,
1589,metro-bundler,
1590,cocoapods,
1591,compiler-errors,
1592,remoteview,
1593,base64,
1594,cordova,
1595,hybrid,
1596,android-livedata,
1597,google-api,
1598,android-calendar,
1599,ffmpeg,
1600,google-cloud-functions,
1601,illegalargumentexception,
1602,hosting,
1603,android-alertdialog,
1604,android-styles,
1605,android-data-usage,
1606,dependency-management,
1607,android-asynctask,
1608,location,
1609,git,
1610,github,
1611,android-tabs,
1612,android-radiobutton,
1613,google-play-console,
1614,android-signing,
1615,robolectric,
1616,androidx-test,
1617,tabs,
1618,avd-manager,
1619,react-native-push-notification,
1620,bluetooth-lowenergy,
1621,beacon,
1622,android-reflection,
1623,opengl-es-2.0,
1624,browser,
1625,element,
1626,animation,
1627,dependency-injection,
1628,multi-module,
1629,koin,
1630,android-dialog,
1631,android-icons,
1632,android-lifecycle,
1633,window-soft-input-mode,
1634,android-sensors,
1635,deserialization,
1636,anko,
1637,arrays,
1638,camera,
1639,csv,
1640,tfrecord,
1641,libgdx,
1642,on-screen-keyboard,
1643,android-architecture-components,
1644,firebase-test-lab,
1645,compilation,
1646,popupwindow,
1647,android-popupwindow,
1648,android-viewmodel,
1649,crashlytics-android,
1650,cordova-android,
1651,chaquopy,
1652,arm,
1653,google-places-api,
1654,android-volley,
1655,usb-debugging,
1656,pbkdf2,
1657,regression,
1658,spatial,
1659,r-leaflet,
1660,r-mice,
1661,shiny,
1662,tidyverse,
1663,reshape,
1664,tidyr,
1665,stringr,
1666,random-forest,
1667,time-format,
1668,week-number,
1669,rweka,
1670,rstudio,
1671,sql-server-2012,
1672,sql-server-ml-services,
1673,subset,
1674,stata,
1675,sf,
1676,simulation,
1677,r-caret,
1678,sample,
1679,rep,
1680,training-data,
1681,refit,
1682,tidyeval,
1683,remotes,
1684,tm,
1685,slam,
1686,reporters,
1687,rstudio-server,
1688,unzip,
1689,zoo,
1690,xml2,
1691,restriction,
1692,tibble,
1693,seq,
1694,token,
1695,sequence,
1696,xelatex,
1697,shinydashboard,
1698,r-plotly,
1699,reshape2,
1700,stacked-area-chart,
1701,user-defined-functions,
1702,tiff,
1703,r-raster,
1704,r-corrplot,
1705,xaringan,
1706,summary,
1707,tabular,
1708,weibull,
1709,tidytext,
1710,xts,
1711,stacked-chart,
1712,yield,
1713,paginate,
1714,tensorflow-serving,
1715,telerik,
1716,classification,
1717,anaconda,
1718,conda,
1719,gnu,
1720,netcdf,
1721,nco,
1722,macos-catalina,
1723,environment,
1724,permission-denied,
1725,hpc,
1726,cudnn,
1727,dataframe,
1728,textarea,
1729,maxlength,
1730,margin,
1731,image-uploading,
1732,jinja2,
1733,seo,
1734,html-table,
1735,twitter-bootstrap-3,
1736,iframe,
1737,textselection,
1738,html5-video,
1739,linq,
1740,html-agility-pack,
1741,meta-tags,
1742,wicked-pdf,
1743,ruby-1.8.7,
1744,menu,
1745,html5-canvas,
1746,instagram,
1747,hyperlink,
1748,html-parsing,
1749,pdfkit,
1750,node-pdfkit,
1751,parsel,
1752,scss-mixins,
1753,html2canvas,
1754,webfonts,
1755,tablet,
1756,verify,
1757,ownership,
1758,webserver,
1759,ionic3,
1760,markdown,
1761,pandoc,
1762,position,
1763,utf-8,
1764,popover,
1765,squarespace,
1766,mediawiki,
1767,webforms,
1768,primeng,
1769,primeng-dropdowns,
1770,internet-explorer,
1771,html-entities,
1772,html-encode,
1773,tinymce,
1774,html-rendering,
1775,webkit,
1776,z-index,
1777,owl-carousel,
1778,owl-carousel-2,
1779,innerhtml,
1780,materialize,
1781,command-line-arguments,
1782,kivy,
1783,mute,
1784,playsound,
1785,gtts,
1786,fft,
1787,spectrogram,
1788,renderscript,
1789,android-renderscript,
1790,nuget-package,
1791,bash,
1792,curl,
1793,command-line,
1794,git-bash,
1795,expect,
1796,tab-completion,
1797,redhat,
1798,grep,
1799,delimiter,
1800,user-data,
1801,centos7,
1802,tcsh,
1803,centos,
1804,macos-high-sierra,
1805,dns,
1806,whois,
1807,pbs,
1808,command-line-interface,
1809,devops,
1810,os.system,
1811,cron,
1812,gcloud,
1813,devserver,
1814,fortran,
1815,mpi,
1816,wait,
1817,wscript.shell,
1818,pycurl,
1819,go,
1820,irc,
1821,discord,
1822,libcurl,
1823,lumen,
1824,php-curl,
1825,uitableview,
1826,tableview,
1827,query-string,
1828,logparser,
1829,xss,
1830,mobile-safari,
1831,cors,
1832,iis-8,
1833,internet-explorer-11,
1834,ionicons,
1835,cross-origin-read-blocking,
1836,stomp,
1837,google-tag-manager,
1838,pannellum,
1839,binary,
1840,x++,
1841,dynamics-ax-2012,
1842,encoding,
1843,plist,
1844,converters,
1845,twos-complement,
1846,finite-automata,
1847,hex,
1848,osdev,
1849,multiboot,
1850,windows-kernel,
1851,register-transfer-level,
1852,axapta,
1853,install,
1854,rails-migrations,
1855,version,
1856,pivot,
1857,pii,
1858,typeorm,
1859,xlsx,
1860,query-optimization,
1861,rfid,
1862,stored-procedures,
1863,pdo,
1864,select-into,
1865,relational-database,
1866,mysqli,
1867,translate,
1868,whm,
1869,where-clause,
1870,procedure,
1871,relational-algebra,
1872,mysql-workbench,
1873,transaction-isolation,
1874,mysql-backup,
1875,quill,
1876,operator-keyword,
1877,pymsql,
1878,sql-injection,
1879,mysql-error-1045,
1880,mysql-8.0,
1881,right-join,
1882,mysql-error-1136,
1883,mysql-dependent-subquery,
1884,sqlyog,
1885,mysql-python,
1886,python-unicode,
1887,mysql-error-1064,
1888,password-encryption,
1889,typo3,
1890,sqlplus,
1891,text-manipulation,
1892,sas,
1893,rename,
1894,splunk,
1895,wsdl,
1896,pod,
1897,windows-console,
1898,perlscript,
1899,do-while,
1900,openssh,
1901,azure-active-directory,
1902,azure-ad-graph-api,
1903,entity-framework,
1904,microsoft-identity-platform,
1905,azure-webapps,
1906,azure-data-catalog,
1907,azure-functions,
1908,azure-data-lake,
1909,servicenow,
1910,httpclientfactory,
1911,azure-ad-b2b,
1912,facebook,
1913,facebook-graph-api,
1914,lead,
1915,facebook-javascript-sdk,
1916,facebook-apps,
1917,facebook-python-business-sdk,
1918,facebook-business-sdk,
1919,css-transitions,
1920,css-transforms,
1921,pure-css,
1922,font-awesome,
1923,font-awesome-5,
1924,inkscape,
1925,grid,
1926,whitespace,
1927,google-chrome,
1928,flexbox,
1929,vue2-google-maps,
1930,css-modules,
1931,stylesheet,
1932,frontend,
1933,sticky,
1934,fullpage.js,
1935,datatable,
1936,css-animations,
1937,ion-menu,
1938,fonts,
1939,microsoft-edge,
1940,html-input,
1941,fullcalendar,
1942,fullcalendar-1,
1943,dom,
1944,drop-down-menu,
1945,z-order,
1946,electron,
1947,google-translate,
1948,css-grid,
1949,web-inspector,
1950,dropdown,
1951,css-selectors,
1952,mdbootstrap,
1953,css-variables,
1954,font-awesome-4,
1955,dompdf,
1956,font-face,
1957,font-family,
1958,google-chrome-extension,
1959,footer,
1960,woocommerce,
1961,payment-gateway,
1962,hide,
1963,show,
1964,openjfx,
1965,render,
1966,css-position,
1967,openweathermap,
1968,coinbase-api,
1969,graph,
1970,betfair,
1971,httpresponse,
1972,reporting,
1973,fetch,
1974,paypal-rest-sdk,
1975,asp.net,
1976,office365,
1977,office-js,
1978,selected,
1979,architecture,
1980,httr,
1981,checkbox,
1982,integration,
1983,email,
1984,authentication,
1985,aws-lambda,
1986,distance-matrix,
1987,geolocation,
1988,core,
1989,codeigniter,
1990,binance,
1991,google-analytics,
1992,flickr,
1993,authorization,
1994,gateway,
1995,aws-serverless,
1996,banking,
1997,flask-restful,
1998,asp.net-web-api,
1999,webmethods,
2000,google-directory-api,
2001,bloomberg,
2002,pardot,
2003,instagram-api,
2004,instagram-graph-api,
2005,odoo,
2006,odoo-11,
2007,nodemcu,
2008,markerclusterer,
2009,latitude-longitude,
2010,panel,
2011,wolfram-mathematica,
2012,mathlink,
2013,plpgsql,
2014,except,
2015,qsub,
2016,macros,
2017,mapply,
2018,sentinel,
2019,matplotlib,
2020,vlookup,
2021,quartile,
2022,xelement,
2023,outer-join,
2024,left-join,
2025,subquery,
2026,snowflake-datawarehouse,
2027,many-to-many,
2028,sql-update,
2029,pyspark-sql,
2030,rdd,
2031,word-embedding,
2032,standard-deviation,
2033,variance,
2034,python-importlib,
2035,pywin32,
2036,vips,
2037,telethon,
2038,uproot,
2039,transformer,
2040,urllib3,
2041,zipfile,
2042,shallow-copy,
2043,python-install,
2044,winrm,
2045,uwsgi,
2046,readlines,
2047,gensim,
2048,fasttext,
2049,powerbi,
2050,powerquery,
2051,pyodbc,
2052,pandas-groupby,
2053,teradata,
2054,pymongo,
2055,plotly-python,
2056,plotly-express,
2057,pivot-table,
2058,row,
2059,subtraction,
2060,hyperledger-fabric,
2061,hyperledger-fabric-sdk-js,
2062,hyperledger-fabric-ca,
2063,hyperledger,
2064,hyperledger-chaincode,
2065,recycle-bin,
2066,filesystemexception,
2067,locked,
2068,google-sheets-api,
2069,intellij-idea,
2070,plesk,
2071,asp.net-core,
2072,e-commerce,
2073,firewall,
2074,visual-studio-2017,
2075,asp.net-core-2.0,
2076,iis-express,
2077,multipartform-data,
2078,flurl,
2079,iformfile,
2080,asp.net-core-2.2,
2081,nlog,
2082,csrf,
2083,asp.net-core-3.0,
2084,entity-framework-core,
2085,razor-pages,
2086,blazor-server-side,
2087,mono,
2088,signalr,
2089,picklesdoc,
2090,csproj,
2091,readonly,
2092,httpclient,
2093,restsharp,
2094,asp.net-core-webapi,
2095,jwt-auth,
2096,asp.net-core-mvc,
2097,kubernetes,
2098,blazor,
2099,identity,
2100,roles,
2101,asp.net-identity,
2102,provider,
2103,data-protection,
2104,entity-framework-migrations,
2105,desktop-application,
2106,asp.net-core-middleware,
2107,asp.net-core-logging,
2108,strategy-pattern,
2109,open-closed-principle,
2110,asp.net-mvc-5,
2111,log4net,
2112,log4net-configuration,
2113,log4net-appender,
2114,google-authentication,
2115,openid,
2116,masstransit,
2117,saga,
2118,kestrel-http-server,
2119,browser-link,
2120,excel,
2121,ef-core-2.2,
2122,electron.net,
2123,azure,
2124,x509certificate,
2125,c#-8.0,
2126,model-binding,
2127,encryption,
2128,basic-authentication,
2129,xunit,
2130,nuget,
2131,azure-keyvault,
2132,mvvmcross,
2133,nosql,
2134,signals,
2135,sigint,
2136,real-time,
2137,pm2,
2138,react-360,
2139,root,
2140,question-answering,
2141,omr,
2142,zurb-foundation,
2143,winston,
2144,sendgrid,
2145,resolve-url-loader,
2146,startup,
2147,twilio,
2148,twilio-node,
2149,vimeo,
2150,vimeo-api,
2151,supertest,
2152,oidc,
2153,scp,
2154,terminal,
2155,spawn,
2156,xterm,
2157,tumblr,
2158,ssms,
2159,registry,
2160,remote-access,
2161,windowstaskschedule,
2162,powershell-2.0,
2163,wildcard,
2164,powershell-5.0,
2165,rundeck,
2166,wysiwyg,
2167,offline,
2168,node-modules,
2169,electron-packager,
2170,google-chrome-devtools,
2171,reload,
2172,chocolatey,
2173,pca,
2174,numpy-ndarray,
2175,numpy-einsum,
2176,waveform,
2177,polynomials,
2178,numerical-stability,
2179,qt5,
2180,strace,
2181,web-site-project,
2182,policy,
2183,nftables,
2184,mount,
2185,windows-10,
2186,virtual-machine,
2187,wifi,
2188,mmap,
2189,logrotate,
2190,ubuntu-16.04,
2191,pcsc,
2192,tcl,
2193,locale,
2194,manjaro,
2195,click,
2196,angular8,
2197,inspect,
2198,indexing,
2199,filtered-index,
2200,kendo-grid,
2201,interceptor,
2202,refresh-token,
2203,resharper,
2204,intellisense,
2205,flatmap,
2206,azure-storage,
2207,azure-storage-blobs,
2208,bootstrap-4,
2209,background-image,
2210,jasmine,
2211,angular-test,
2212,angular-material,
2213,couchdb,
2214,attachment,
2215,document,
2216,angularjs,
2217,angular-upgrade,
2218,angular-hybrid,
2219,angularfire,
2220,event-handling,
2221,bing-maps,
2222,mean-stack,
2223,angular6,
2224,angular7,
2225,angular-components,
2226,angularfire2,
2227,mat-table,
2228,pdf-generation,
2229,angular-ngmodel,
2230,form-control,
2231,angular-cli,
2232,angular-aot,
2233,history,
2234,interface,
2235,gitlab-ci,
2236,charts,
2237,angular-ui-bootstrap,
2238,angular-reactive-forms,
2239,self-executing-function,
2240,angular-routing,
2241,relationship,
2242,jhipster,
2243,import,
2244,aot,
2245,ng-bootstrap,
2246,stringify,
2247,ngx-translate,
2248,angular-ui-router,
2249,angular-material2,
2250,angular-material-6,
2251,apache,
2252,apache2,
2253,embedly,
2254,pdfmake,
2255,angular-router,
2256,angular5,
2257,bind,
2258,angular-universal,
2259,dynamic-data,
2260,angular-material-table,
2261,ionic2,
2262,real-time-updates,
2263,global-variables,
2264,closures,
2265,subscribe,
2266,pdfjs,
2267,phrase,
2268,ng2-pdfjs-viewer,
2269,ngrx,
2270,angular-router-guards,
2271,candeactivate,
2272,ion-slides,
2273,angular-observable,
2274,dokku,
2275,angular-compiler,
2276,angular-animations,
2277,docx,
2278,angular-forms,
2279,httprequest,
2280,angular-ng-if,
2281,storybook,
2282,angular-storybook,
2283,custom-data-attribute,
2284,material,
2285,stepper,
2286,mat-stepper,
2287,jest-preset-angular,
2288,devexpress,
2289,devextreme,
2290,devextreme-angular,
2291,echarts,
2292,ngxs,
2293,angular-state-managmement,
2294,gitignore,
2295,atlassian-sourcetree,
2296,events,
2297,onclicklistener,
2298,dom-events,
2299,vmware-clarity,
2300,xml-rpc,
2301,angular4-forms,
2302,angular4-httpclient,
2303,angular2-directives,
2304,angular-dynamic-components,
2305,azure-devops,
2306,observer-pattern,
2307,behaviorsubject,
2308,http-headers,
2309,httpd.conf,
2310,tls1.2,
2311,tls1.1,
2312,passenger,
2313,digital-ocean,
2314,mod-proxy,
2315,domain-mapping,
2316,varnish,
2317,require,
2318,url-rewriting,
2319,rules,
2320,firefox,
2321,appdomain,
2322,cube,
2323,kylin,
2324,cgi,
2325,svn,
2326,ignite,
2327,failed-installation,
2328,reinstall,
2329,article,
2330,binary-tree,
2331,backend,
2332,babel,
2333,chai,
2334,wamp,
2335,phpword,
2336,zkteco,
2337,supervisord,
2338,phpunit,
2339,travis-ci,
2340,server-sent-events,
2341,wpallimport,
2342,syslog,
2343,prestashop-1.7,
2344,wordpress-theming,
2345,wampserver,
2346,preg-match,
2347,websecurity,
2348,podio,
2349,vscode-debugger,
2350,woocommerce-rest-api,
2351,sql-like,
2352,thumbnails,
2353,str-replace,
2354,vcalendar,
2355,whmcs,
2356,strtotime,
2357,slug,
2358,sqlsrv,
2359,sql-server-2012-express,
2360,shell-exec,
2361,voyager,
2362,zimbra,
2363,substr,
2364,php-internals,
2365,rtf,
2366,recaptcha-v3,
2367,usort,
2368,telnet,
2369,reboot,
2370,prepared-statement,
2371,simplexml,
2372,phpmailer,
2373,web-project,
2374,phpunit-testing,
2375,upload,
2376,phpspreadsheet,
2377,redis-cluster,
2378,php-carbon,
2379,virtuemart,
2380,symfony-3.4,
2381,twilio-php,
2382,laravel-blade,
2383,laravel-nova,
2384,routes,
2385,laravel-routing,
2386,laravel-validation,
2387,laravel-valet,
2388,laravel-passport,
2389,seed,
2390,pagination,
2391,mix,
2392,laravel-6.2,
2393,pusher,
2394,oauth,
2395,lumen-5.8,
2396,laravel-forge,
2397,textures,
2398,mipmaps,
2399,if-statement,
2400,nativescript-vue,
2401,nativescript-angular,
2402,change-tracking,
2403,inheritance,
2404,wcf,
2405,frameworks,
2406,datagrid,
2407,scrollbar,
2408,richtextbox,
2409,wpf-core,
2410,lucene.net,
2411,hateoas,
2412,mrtk,
2413,console,
2414,nhibernate,
2415,optional-parameters,
2416,pep8,
2417,xml-serialization,
2418,uwp,
2419,drm,
2420,playready,
2421,game-physics,
2422,drag-and-drop,
2423,c#-7.0,
2424,mongodb-.net-driver,
2425,command,
2426,xamarin.uitest,
2427,visual-studio-app-center-test,
2428,class-library,
2429,data-annotations,
2430,calculator,
2431,cursor-position,
2432,flappy-bird-clone,
2433,roslyn,
2434,visual-studio-extensions,
2435,ihttpmodule,
2436,itext,
2437,datetime-format,
2438,timestamp-with-timezone,
2439,windows-authentication,
2440,ssis,
2441,service-discovery,
2442,outlook-addin,
2443,combobox,
2444,null,
2445,pbx,
2446,ozeki,
2447,structuremap,
2448,oledb,
2449,workflow,
2450,pow,
2451,c#-4.0,
2452,documentation,
2453,resourcedictionary,
2454,grpc,
2455,cryptography,
2456,diffie-hellman,
2457,dotnetbrowser,
2458,csvhelper,
2459,expression-trees,
2460,taskcompletionsource,
2461,printdocument,
2462,datagridview,
2463,httpwebrequest,
2464,versioning,
2465,excel-addins,
2466,ribbon-control,
2467,contains,
2468,containstable,
2469,databricks,
2470,composition,
2471,response,
2472,webresponse,
2473,office-interop,
2474,export-to-pdf,
2475,gridview,
2476,findcontrol,
2477,entity-framework-6,
2478,ef-code-first,
2479,rawsql,
2480,x509certificate2,
2481,certutil,
2482,quickbooks,
2483,crystal-reports-2010,
2484,smtp,
2485,windows-installer,
2486,speech-recognition,
2487,naudio,
2488,microsoft-speech-platform,
2489,photon,
2490,unmanaged,
2491,multimedia,
2492,winmm,
2493,gzip,
2494,tcpclient,
2495,objective-c,
2496,xamarin.ios,
2497,ironpython,
2498,db2,
2499,jira,
2500,datarow,
2501,fo-dicom,
2502,windows-services,
2503,topshelf,
2504,helix-3d-toolkit,
2505,radcombobox,
2506,enums,
2507,findby,
2508,dotnet-httpclient,
2509,post-processing,
2510,load-balancing,
2511,consul,
2512,fluent-nhibernate,
2513,client-certificates,
2514,certenroll,
2515,orleans,
2516,google-cloud-platform,
2517,google-cloud-storage,
2518,google-cloud-kms,
2519,defaultnetworkcredentials,
2520,credentialscache,
2521,pfx,
2522,controller,
2523,luis,
2524,redirectstandardoutput,
2525,fips,
2526,yubico,
2527,thermal-printer,
2528,point-of-sale,
2529,concurrency,
2530,fibonacci,
2531,mediatr,
2532,visual-studio-templates,
2533,nunit-3.0,
2534,uninstall,
2535,gmail,
2536,focus,
2537,system.reactive,
2538,local-database,
2539,spamassassin,
2540,compiler-directives,
2541,elasticsearch,
2542,elasticsearch.net,
2543,code-analysis,
2544,mcisendstring,
2545,wpf-controls,
2546,owin,
2547,owin-middleware,
2548,stylecop,
2549,stylecop-plus,
2550,game-engine,
2551,chatbot,
2552,sqlclr,
2553,interop,
2554,cookies,
2555,editorconfig,
2556,windows-10-iot-core,
2557,pdfsharp,
2558,code-coverage,
2559,opencover,
2560,reportgenerator,
2561,webclient,
2562,content-type,
2563,sql-optimization,
2564,operationcontract,
2565,c#-6.0,
2566,nameof,
2567,rotation,
2568,text-formatting,
2569,google-api-dotnet-client,
2570,effort,
2571,google-cloud-speech,
2572,export-to-csv,
2573,motion,
2574,ms-access-2007,
2575,datagridviewlinkcolumn,
2576,fortify,
2577,regedit,
2578,project,
2579,programmatically,
2580,cil,
2581,dapper,
2582,hash,
2583,excel-interop,
2584,xunit.net,
2585,xunit2,
2586,mongodb-query,
2587,ef-core-3.0,
2588,system.configuration,
2589,string-operations,
2590,derived-column,
2591,evaluate,
2592,google-sheets,
2593,google-sheets-formula,
2594,google-sheets-importxml,
2595,gmt,
2596,gregorian-calendar,
2597,aggregate,
2598,aggregation-framework,
2599,static-variables,
2600,variable-declaration,
2601,rust-piston,
2602,rust-cargo,
2603,bluez,
2604,core-bluetooth,
2605,ios13,
2606,disconnect,
2607,excel-vba,
2608,offset,
2609,transpose,
2610,excel-2010,
2611,excel-2007,
2612,uniqueidentifier,
2613,excel-formula,
2614,protected,
2615,subscript,
2616,userform,
2617,formula,
2618,save-as,
2619,openpyxl,
2620,group-by,
2621,m,
2622,filepath,
2623,mapping,
2624,jupyter,
2625,exe,
2626,google-apps-script,
2627,triggers,
2628,highest,
2629,pivot-chart,
2630,ole,
2631,formatting,
2632,passwords,
2633,ms-access,
2634,recordset,
2635,vbscript,
2636,solver,
2637,worksheet,
2638,word-vba,
2639,vue-multiselect,
2640,downgrade,
2641,integral,
2642,terraform,
2643,vue-cli-3,
2644,urlloader,
2645,smarty,
2646,prestashop-modules,
2647,wxpython,
2648,wxpython-phoenix,
2649,pyxll,
2650,reportlab,
2651,data-processing,
2652,kingfisher,
2653,ios12,
2654,quicklook,
2655,swift2,
2656,wkwebview,
2657,swiftui,
2658,uikit,
2659,nslayoutconstraint,
2660,ios-multithreading,
2661,nsfont,
2662,nsfontmanager,
2663,uiapplicationshortcutitem,
2664,variable-assignment,
2665,virtual,
2666,virtual-reality,
2667,metal,
2668,metalkit,
2669,xcode11,
2670,ipad,
2671,uiinterfaceorientation,
2672,uiimageasset,
2673,jwplayer,
2674,uicollectionview,
2675,uitextview,
2676,xcode11.2,
2677,wkwebviewconfiguration,
2678,viewcontroller,
2679,uiview,
2680,uiviewcontroller,
2681,testflight,
2682,visual-studio-app-center,
2683,react-native-ios,
2684,sprite-kit,
2685,skphysicsjoint,
2686,ios-darkmode,
2687,tabbar,
2688,upgrade,
2689,sqlite.swift,
2690,mfmailcomposeviewcontroller,
2691,uimenucontroller,
2692,qlpreviewcontroller,
2693,uinavigationcontroller,
2694,uialertview,
2695,kotlin-multiplatform,
2696,kotlin-native,
2697,uistackview,
2698,uitextfield,
2699,payment,
2700,telegram-bot,
2701,reactive-cocoa,
2702,nsurlprotocol,
2703,swift5.1,
2704,uicollectionviewcell,
2705,store,
2706,review,
2707,memory-leaks,
2708,uiviewanimation,
2709,uiwebview,
2710,watch-os-6,
2711,swift5,
2712,uibutton,
2713,xctest,
2714,microphone,
2715,wai-aria,
2716,webrtc,
2717,volume,
2718,jssip,
2719,system,
2720,nfc,
2721,iso-15693,
2722,photosframework,
2723,uisearchcontroller,
2724,ios-simulator,
2725,protocols,
2726,uisplitviewcontroller,
2727,wknavigationdelegate,
2728,swiftui-list,
2729,uisegmentedcontrol,
2730,swiftbond,
2731,mapkit,
2732,mkmapview,
2733,mktileoverlay,
2734,white-labelling,
2735,nslocalizedstring,
2736,rx-swift,
2737,tabbarcontroller,
2738,uinavigationbar,
2739,nsurlconnection,
2740,ios8-share-extension,
2741,uicollectionviewdelegate,
2742,uicollectionviewdelegateflowlayout,
2743,vision-api,
2744,swift-package-manager,
2745,tvos,
2746,viper,
2747,xcode11.1,
2748,userdefaults,
2749,vlc,
2750,watchkit,
2751,xcode10,
2752,uisearchbar,
2753,jasper-reports,
2754,datasource,
2755,ireport,
2756,confluence,
2757,ggplot2,
2758,geom-area,
2759,google-visualization,
2760,subreport,
2761,sprite,
2762,tile,
2763,isometric,
2764,event-listener,
2765,requiredfieldvalidator,
2766,ngmodel,
2767,primeng-treetable,
2768,iis,
2769,public,
2770,extending,
2771,web-application-project,
2772,asp.net-mvc-4,
2773,bundling-and-minification,
2774,asp.net-bundling,
2775,beautifulsoup,
2776,windows-server-2012,
2777,web-platform-installer,
2778,intranet,
2779,self-signed-certificate,
2780,window-server,
2781,iis-10,
2782,mongoose-populate,
2783,mongoexport,
2784,sails.js,
2785,monodevelop,
2786,ocr,
2787,tesseract,
2788,mongodb-compass,
2789,mongodb-lookup,
2790,mongoid,
2791,mongoengine,
2792,prisma,
2793,jamstack,
2794,username,
2795,foreach,
2796,flutter-layout,
2797,react-native-gifted-chat,
2798,functional-programming,
2799,google-cloud-run,
2800,google-cloud-cdn,
2801,firebase-admin,
2802,firebase-hosting,
2803,firebase-cli,
2804,geofire,
2805,firebase-analytics,
2806,limit,
2807,getstream-io,
2808,viewer,
2809,mobile-application,
2810,api-design,
2811,blueimp,
2812,ftp,
2813,ftplib,
2814,refresh,
2815,watermelondb,
2816,wix-react-native-navigation,
2817,reducers,
2818,twilio-programmable-chat,
2819,testcase,
2820,redux-thunk,
2821,setcookie,
2822,vps,
2823,gekko,
2824,pip,
2825,mathematical-optimization,
2826,ipopt,
2827,git-submodules,
2828,git-fetch,
2829,rebase,
2830,git-rebase,
2831,push,
2832,zsh,
2833,githooks,
2834,phpstorm,
2835,git-diff,
2836,repository,
2837,gitattributes,
2838,git-difftool,
2839,git-merge,
2840,git-clone,
2841,git-fork,
2842,git-pull,
2843,tfs,
2844,gitlab,
2845,git-merge-conflict,
2846,docker-swarm,
2847,traefik,
2848,project-calico,
2849,docker-volume,
2850,docker-swarm-mode,
2851,gurobi,
2852,docker-desktop,
2853,stdout,
2854,google-chrome-headless,
2855,reverse-proxy,
2856,machine-learning,
2857,kubelet,
2858,jupyter-notebook,
2859,jupyter-lab,
2860,pycharm,
2861,express-gateway,
2862,docker-networking,
2863,jenkins-docker,
2864,ipfs,
2865,hadoop,
2866,impala,
2867,ehcache,
2868,volumes,
2869,pentaho,
2870,pentaho-spoon,
2871,pentaho-data-integration,
2872,ibm-blockchain,
2873,ibp-vscode-extension,
2874,tslint,
2875,swagger-codegen,
2876,codable,
2877,rdp,
2878,nginx-reverse-proxy,
2879,gridstack,
2880,eclipse,
2881,eclipse-plugin,
2882,javadoc,
2883,installation,
2884,installer,
2885,spring-tool-suite,
2886,eslint,
2887,ecmascript-7,
2888,eclipse-cdt,
2889,guice,
2890,spring-bean,
2891,production,
2892,google-bigquery,
2893,settings,
2894,segment,
2895,sql-server-2008,
2896,sql-server-data-tools,
2897,sql-server-2014,
2898,sql-server-2019,
2899,umbraco7,
2900,tablename,
2901,keras,
2902,neural-network,
2903,lstm,
2904,out-of-memory,
2905,one-hot-encoding,
2906,tf.keras,
2907,loss-function,
2908,tensorflow-estimator,
2909,keras-layer,
2910,nlp,
2911,tpu,
2912,mlp,
2913,pickle,
2914,outliers,
2915,naivebayes,
2916,sequence-to-sequence,
2917,tensorflow-c++,
2918,object-detection-api,
2919,supervised-learning,
2920,parallel-processing,
2921,prediction,
2922,perceptron,
2923,updatebatchsize,
2924,object-detection,
2925,mobilenet,
2926,yellowbrick,
2927,minhash,
2928,modular-design,
2929,uml,
2930,window-functions,
2931,temp-tables,
2932,sql-view,
2933,transformation,
2934,sybase,
2935,unpivot,
2936,gatsby,
2937,node-fetch,
2938,apollo-cache-inmemory,
2939,aws-appsync,
2940,apollo-server,
2941,recode,
2942,is-empty,
2943,match,
2944,mutate,
2945,plot,
2946,serial-port,
2947,distinct-values,
2948,unique-values,
2949,amazon,
2950,amazon-s3,
2951,filter,
2952,modelmapper,
2953,testflight-public-link,
2954,bit-manipulation,
2955,bitwise-operators,
2956,mpeg2-ts,
2957,byte-shifting,
2958,icecast,
2959,shoutcast,
2960,flutter-dependencies,
2961,dart-pub,
2962,dart-html,
2963,flutter-navigation,
2964,onbackpressed,
2965,sqflite,
2966,stream-builder,
2967,flutter-listview,
2968,phone-number,
2969,future,
2970,collectionview,
2971,react-select,
2972,react-select-plus,
2973,chromebook,
2974,boto3,
2975,private-key,
2976,pycrypto,
2977,hashlib,
2978,extract,
2979,lisp,
2980,encryption-symmetric,
2981,npm-install,
2982,npm-start,
2983,npm-scripts,
2984,yarnpkg,
2985,jointjs,
2986,google-sheets-query,
2987,importrange,
2988,mne-python,
2989,jquery-ui-autocomplete,
2990,raty,
2991,ajax,
2992,datatables,
2993,axios,
2994,bootstrap-table,
2995,content-security-policy,
2996,asp.net-ajax,
2997,aws-api-gateway,
2998,checkout,
2999,jquery-datatables-rails,
3000,amp-html,
3001,google-custom-search,
3002,highcharts,
3003,gantt-chart,
3004,.net-core,
3005,expo,
3006,api-gateway,
3007,ocelot,
3008,ef-core-2.0,
3009,adfs,
3010,f#,
3011,f#-compiler-services,
3012,iptables,
3013,rendering,
3014,raycasting,
3015,probability,
3016,probability-distribution,
3017,bias-neuron,
3018,ansible,
3019,ansible-inventory,
3020,ansible-2.x,
3021,ansible-facts,
3022,prompt,
3023,ansible-template,
3024,docker-container,
3025,arguments,
3026,multiline,
3027,provisioning,
3028,kubespray,
3029,jython,
3030,jython-music,
3031,importerror,
3032,attributeerror,
3033,vision,
3034,tensorflow-transform,
3035,tensorflow-lite,
3036,scanning,
3037,paho,
3038,windows-7,
3039,iperf3,
3040,activation-function,
3041,multiple-choice,
3042,generate,
3043,joomla,
3044,entity-relationship,
3045,erd,
3046,entity-relationship-model,
3047,plantuml,
3048,database-design,
3049,mixed,
3050,dplyr,
3051,database-migration,
3052,liquibase,
3053,flyway,
3054,factory,
3055,isolation-level,
3056,database-indexes,
3057,gallery,
3058,dolphindb,
3059,key-value-store,
3060,permissions,
3061,multipleselection,
3062,database-normalization,
3063,materialized,
3064,drupal-8,
3065,dbf,
3066,vb.net-2010,
3067,call,
3068,radio,
3069,radio-group,
3070,dialog,
3071,apache-spark,
3072,apache-spark-sql,
3073,hive,
3074,hiveql,
3075,encoder,
3076,azure-databricks,
3077,job-scheduling,
3078,cassandra,
3079,insert,
3080,duplicates,
3081,spark-cassandra-connector,
3082,spark-streaming-kafka,
3083,google-cloud-dataproc,
3084,kafka-consumer-api,
3085,dataset,
3086,pattern-matching,
3087,nltk,
3088,apache-zeppelin,
3089,scala-collections,
3090,avro,
3091,filesystems,
3092,dstream,
3093,arduino,
3094,keypad,
3095,break,
3096,ram,
3097,arduino-c++,
3098,apache-karaf,
3099,correlation,
3100,iteration,
3101,multiprocessing,
3102,pool,
3103,broken-pipe,
3104,pseudocode,
3105,cpu-architecture,
3106,temperature,
3107,web-config,
3108,custom-post-type,
3109,nginx-config,
3110,okta,
3111,google-geolocation,
3112,arduino-esp8266,
3113,google-compute-engine,
3114,toast,
3115,bootstrap-vue,
3116,sql-default-instance,
3117,facebook-login,
3118,password-less,
3119,packet,
3120,cakephp,
3121,cakephp-3.x,
3122,instance,
3123,concatenation,
3124,haskell,
3125,ip,
3126,indy,
3127,indy10,
3128,osc,
3129,delphi-10.3-rio,
3130,pascal,
3131,firedac,
3132,delphi-2010,
3133,delphi-7,
3134,firemonkey,
3135,touchscreen,
3136,tlistview,
3137,tscrollbox,
3138,delphi-2009,
3139,tcxgrid,
3140,text-processing,
3141,hook,
3142,google-calendar-api,
3143,localhost,
3144,exim,
3145,imaplib,
3146,vuforia,
3147,loopback,
3148,jenkins-declarative-pipeline,
3149,discord.js,
3150,iterator,
3151,indexoutofboundsexception,
3152,julia,
3153,bellman-ford,
3154,pyth,
3155,cgo,
3156,frequency,
3157,bubble-sort,
3158,data-files,
3159,jackson,
3160,bytebuffer,
3161,charbuffer,
3162,associative-array,
3163,divide-and-conquer,
3164,inversion,
3165,dice,
3166,comparable,
3167,html-lists,
3168,components,
3169,eloquent,
3170,createobject,
3171,batch-file,
3172,delayedvariableexpansion,
3173,file-get-contents,
3174,file-put-contents,
3175,grouping,
3176,case-insensitive,
3177,couchbase,
3178,couchbase-ottoman,
3179,mamp,
3180,ng-submit,
3181,session-storage,
3182,angularjs-directive,
3183,codeigniter-3,
3184,file-upload,
3185,karma-webpack,
3186,ionic-v1,
3187,.htaccess,
3188,cname,
3189,mod-rewrite,
3190,.htpasswd,
3191,friendly-url,
3192,knitr,
3193,projection,
3194,png,
3195,plotly,
3196,legend,
3197,facebook-workplace,
3198,pytest-html,
3199,pyqt,
3200,qwidget,
3201,xamarin.uwp,
3202,xamarin.forms-styles,
3203,airflow,
3204,celery,
3205,airflow-scheduler,
3206,airflow-operator,
3207,out,
3208,etl,
3209,directed-acyclic-graphs,
3210,assembly,
3211,fasm,
3212,mips,
3213,mars-simulator,
3214,multiplication,
3215,riscv,
3216,modular-arithmetic,
3217,x86-64,
3218,dos,
3219,x86-16,
3220,qtspim,
3221,mars,
3222,nasm,
3223,calling-convention,
3224,intel,
3225,machine-code,
3226,branch,
3227,64-bit,
3228,clone,
3229,gridsearchcv,
3230,race-condition,
3231,multicore,
3232,uber-api,
3233,zap,
3234,gorm,
3235,go-templates,
3236,gofmt,
3237,outline,
3238,goclipse,
3239,outline-view,
3240,go-packages,
3241,sysinternals,
3242,goroutine,
3243,jaeger,
3244,binding,
3245,translation,
3246,database-connection,
3247,tortoisesvn,
3248,shopify-api-node,
3249,quaternions,
3250,assemblies,
3251,levels,
3252,cx-oracle,
3253,maya,
3254,bulletphysics,
3255,blender,
3256,mouse,
3257,fluid,
3258,effect,
3259,comments,
3260,line-breaks,
3261,pass-through,
3262,amazon-web-services,
3263,aws-iot,
3264,aws-xray,
3265,cloud,
3266,aws-sdk,
3267,autoscaling,
3268,aws-glue,
3269,serverless-framework,
3270,datadog,
3271,aws-ecr,
3272,aws-step-functions,
3273,aws-organizations,
3274,aws-fargate,
3275,billing,
3276,face-detection,
3277,google-cloud-vision,
3278,aws-secrets-manager,
3279,infrastructure,
3280,binary-data,
3281,athena,
3282,aws-cli,
3283,aws-glue-data-catalog,
3284,cvxpy,
3285,apex,
3286,sfdc,
3287,aws-sdk-nodejs,
3288,github-actions,
3289,pre-signed-url,
3290,aws-security-group,
3291,amazon-ec2,
3292,apache-kafka,
3293,ejs,
3294,amazon-elasticache,
3295,amazon-iam,
3296,amazon-elb,
3297,geoserver,
3298,amazon-ecs,
3299,neo4j,
3300,neo4j-apoc,
3301,neo4j-php-ogm,
3302,cypher,
3303,grandstack,
3304,pygame,
3305,mariadb,
3306,mariadb-10.4,
3307,http-post,
3308,http-status-codes,
3309,wxwidgets,
3310,jboss-eap-7,
3311,inet,
3312,ifconfig,
3313,d3.js,
3314,gas,
3315,href,
3316,geojson,
3317,topojson,
3318,data-visualization,
3319,yaxis,
3320,pandas-profiling,
3321,tkinter-scale,
3322,game-development,
3323,capybara,
3324,rspec-rails,
3325,photo,
3326,ios13.1.2,
3327,message,
3328,discord.py,
3329,conv-neural-network,
3330,mnist,
3331,noise,
3332,deep-learning,
3333,data-science,
3334,full-text-search,
3335,onactivityresult,
3336,start-activity,
3337,element-ui,
3338,precision,
3339,convex-optimization,
3340,test-suite,
3341,bootstrap-modal,
3342,hover,
3343,overlap,
3344,carousel,
3345,azure-cosmosdb,
3346,azure-sql-database,
3347,azure-data-factory-2,
3348,azure-cosmosdb-sqlapi,
3349,azure-cosmosdb-mongoapi,
3350,dataflow,
3351,github-pages,
3352,wiki,
3353,github-api,
3354,github-api-v3,
3355,directory,
3356,nan,
3357,data-manipulation,
3358,export-csv,
3359,trace32,
3360,lauterbach,
3361,bigdata,
3362,instance-variables,
3363,querydsl,
3364,es6-modules,
3365,gs-vlookup,
3366,recurring-events,
3367,sumifs,
3368,gspread,
3369,calculated-field,
3370,azure-cloud-services,
3371,hdinsight,
3372,azure-iot-hub,
3373,telemetry,
3374,azure-aks,
3375,azure-kubernetes,
3376,kubernetes-ingress,
3377,nginx-ingress,
3378,azure-sdk,
3379,azure-iot-edge,
3380,azureservicebus,
3381,azure-eventhub,
3382,event-sourcing,
3383,eventual-consistency,
3384,azure-resource-manager,
3385,azure-media-services,
3386,botframework,
3387,bots,
3388,azure-table-storage,
3389,bitbucket,
3390,unauthorized,
3391,azure-web-app-service,
3392,azure-app-service-plans,
3393,terraform-provider-azure,
3394,azure-data-factory,
3395,licensing,
3396,azure-web-sites,
3397,taskscheduler,
3398,continuous-deployment,
3399,azure-monitoring,
3400,azure-sdk-python,
3401,azure-app-service-envrmnt,
3402,azure-redis-cache,
3403,azure-storage-queues,
3404,azure-service-fabric,
3405,azure-web-roles,
3406,azure-storage-emulator,
3407,azure-pipelines,
3408,azure-logic-apps,
3409,azure-powershell,
3410,azure-resource-group,
3411,azure-blob-storage,
3412,azure-cli,
3413,bulkinsert,
3414,azure-virtual-network,
3415,azure-bot-service,
3416,azure-files,
3417,azure-devops-rest-api,
3418,azure-pipelines-release-pipeline,
3419,azure-vm-scale-set,
3420,fluent-migrator,
3421,azure-pipelines-build-task,
3422,blob,
3423,blobstorage,
3424,azure-storage-account,
3425,azure-pipelines-tasks,
3426,openstack,
3427,devstack,
3428,fastlane,
3429,codemagic,
3430,terraform-provider-aws,
3431,terraform-template-file,
3432,azure-worker-roles,
3433,servicestack.redis,
3434,react-native-calendars,
3435,react-state-management,
3436,react-context,
3437,image-segmentation,
3438,image-thresholding,
3439,ipywidgets,
3440,globals,
3441,getelementbyid,
3442,system-verilog,
3443,autohotkey,
3444,networkx,
3445,graph-theory,
3446,immutability,
3447,scala-cats,
3448,boolean,
3449,google-datatable,
3450,azure-ad-b2c,
3451,associations,
3452,rubygems,
3453,ruby-on-rails-4,
3454,ruby-on-rails-6,
3455,ruby-on-rails-3,
3456,amazon-elastic-beanstalk,
3457,elastic-stack,
3458,kubernetes-helm,
3459,minikube,
3460,kubernetes-pod,
3461,postgresql-9.3,
3462,persistent-storage,
3463,kubernetes-secrets,
3464,manifest,
3465,spinnaker,
3466,kustomize,
3467,rancher,
3468,stackdriver,
3469,taint,
3470,zalenium,
3471,hadoop-streaming,
3472,sqoop,
3473,ipython,
3474,product,
3475,bitcoin,
3476,fee,
3477,network-analysis,
3478,lubridate,
3479,geo,
3480,rails-api,
3481,plotly-dash,
3482,pymysql,
3483,play-framework-2.7,
3484,nssm,
3485,marshmallow,
3486,flask-sqlalchemy,
3487,flask-wtforms,
3488,flask-session,
3489,http-put,
3490,ngrok,
3491,spring-data-redis,
3492,stackexchange.redis,
3493,wikipedia,
3494,external,
3495,konvajs,
3496,matlab-figure,
3497,access,
3498,recording,
3499,vb4android,
3500,automation,
3501,ado,
3502,linear-algebra,
3503,face-recognition,
3504,memoization,
3505,minimax,
3506,pacman,
3507,awk,
3508,extraction,
3509,gnu-parallel,
3510,tar,
3511,tex,
3512,categories,
3513,entity,
3514,google-analytics-api,
3515,google-optimize,
3516,google-datalayer,
3517,pagespeed-insights,
3518,google-analytics-firebase,
3519,scriptlet,
3520,websphere,
3521,cpython,
3522,division,
3523,visual-prolog,
3524,turbo-prolog,
3525,prolog-toplevel,
3526,unification,
3527,moving-average,
3528,salt-stack,
3529,rackspace-cloud,
3530,salt-cloud,
3531,rackspace,
3532,string-view,
3533,algorithm,
3534,caching,
3535,cluster-computing,
3536,k-means,
3537,depth-first-search,
3538,breadth-first-search,
3539,average,
3540,heuristics,
3541,particle-swarm,
3542,dijkstra,
3543,compression,
3544,lossless-compression,
3545,computer-science,
3546,analysis,
3547,physics,
3548,qbasic,
3549,darknet,
3550,circleci,
3551,composer-php,
3552,fopen,
3553,fgetcsv,
3554,hbase,
3555,memory-address,
3556,soc,
3557,template-meta-programming,
3558,directx-11,
3559,nsmenu,
3560,nsmenuitem,
3561,metal-performance-shaders,
3562,platform,
3563,pyaudio,
3564,qtgui,
3565,qtwidgets,
3566,tcpdump,
3567,pharo,
3568,smalltalk,
3569,react-router-dom,
3570,react-router-v4,
3571,flutter-cupertino,
3572,nosuchmethoderror,
3573,flutter-test,
3574,flutter-animation,
3575,flutter-sliver,
3576,flutter-plugin,
3577,getusermedia,
3578,stateful,
3579,url-scheme,
3580,flutter-widget,
3581,oracle-sqldeveloper,
3582,directadmin,
3583,cron-task,
3584,usb,
3585,lstm-stateful,
3586,igraph,
3587,highlight,
3588,posixct,
3589,multi-index,
3590,facet-wrap,
3591,lotusscript,
3592,twig,
3593,export,
3594,blank-line,
3595,cmd,
3596,runas,
3597,crop,
3598,overwrite,
3599,command-prompt,
3600,operands,
3601,read-text,
3602,user-input,
3603,anylogic,
3604,codegen,
3605,gnuplot,
3606,tsvector,
3607,quoted-identifier,
3608,upsert,
3609,postgresql-11,
3610,postgresql-9.5,
3611,pgadmin-4,
3612,.net,
3613,bitmap,
3614,simd,
3615,win-universal-app,
3616,windows-10-universal,
3617,reporting-services,
3618,ngen,
3619,msbuild,
3620,aspect,
3621,codefluent,
3622,.net-core-3.0,
3623,mutex,
3624,gtk,
3625,gtk#,
3626,imgkit,
3627,pixel,
3628,keypoint,
3629,uv-mapping,
3630,imageprocessor,
3631,maps,
3632,testng,
3633,patch,
3634,google-drive-team-drive,
3635,hangout,
3636,hangouts-api,
3637,google-form,
3638,drone,
3639,drone.io,
3640,http-status-code-421,
3641,model-fitting,
3642,list-comprehension,
3643,portfolio,
3644,file-io,
3645,gsuite,
3646,recompose,
3647,react-native-firebase,
3648,react-navigation,
3649,react-native-web,
3650,react-native-paper,
3651,react-native-maps,
3652,layoutparams,
3653,android-layoutparams,
3654,ld,
3655,xorg,
3656,ldd,
3657,avx2,
3658,jobs,
3659,containers,
3660,data-analysis,
3661,kivy-language,
3662,pyinstaller,
3663,formik,
3664,virtual-keyboard,
3665,compare,
3666,oracle-apex-5,
3667,oracle-apex-5.1,
3668,apex-code,
3669,postgis,
3670,alarmmanager,
3671,advanced-custom-fields,
3672,spring-aop,
3673,spring-cloud-config,
3674,spring-amqp,
3675,aspectj,
3676,load-time-weaving,
3677,amazon-sagemaker,
3678,pyarrow,
3679,hugo,
3680,partitioning,
3681,sqlcl,
3682,sql-tuning,
3683,oracle10g,
3684,toad,
3685,redaction,
3686,django-static,
3687,django-pyodbc,
3688,dialogflow,
3689,bit,
3690,xer,
3691,breakpoints,
3692,3d,
3693,bioinformatics,
3694,biopython,
3695,imagej,
3696,imagej-macro,
3697,fiji,
3698,epub,
3699,linear-regression,
3700,montecarlo,
3701,lens,
3702,higher-order-functions,
3703,type-variables,
3704,type-kinds,
3705,type-constructor,
3706,haskell-stack,
3707,haskell-platform,
3708,sarama,
3709,apache-kafka-streams,
3710,confluent-kafka,
3711,apache-kafka-connect,
3712,debezium,
3713,confluent-schema-registry,
3714,confluent,
3715,confluent-platform,
3716,ksql,
3717,kafka-rest,
3718,kafka-python,
3719,aws-msk,
3720,gtmetrix,
3721,wso2,
3722,modbus,
3723,modbus-tcp,
3724,workspace,
3725,vscode-extensions,
3726,vscode-remote,
3727,intellij-plugin,
3728,cplex,
3729,asynchttpclient,
3730,quoted-printable,
3731,outlook-web-addins,
3732,outlook-restapi,
3733,publish-subscribe,
3734,retrying,
3735,google-cloud-ml,
3736,opencart,
3737,fingerprint,
3738,demo,
3739,decompiler,
3740,apktool,
3741,messagekit,
3742,assets,
3743,boost,
3744,boost.test,
3745,boost-asio,
3746,interprocess,
3747,boost-beast,
3748,raspbian,
3749,embed,
3750,armv7,
3751,android-tablayout,
3752,symmetric,
3753,proof,
3754,deadlock,
3755,visitors,
3756,cyclicbarrier,
3757,batching,
3758,codec,
3759,language-agnostic,
3760,datetimeoffset,
3761,content-management-system,
3762,headless-cms,
3763,swagger-ui,
3764,swagger-2.0,
3765,swagger-editor,
3766,celerybeat,
3767,create-react-app,
3768,postcss,
3769,apollo-boost,
3770,neovim,
3771,amazon-cognito,
3772,access-token,
3773,amazon-rds,
3774,backup,
3775,exif,
3776,gravityforms,
3777,entity-framework-core-3.0,
3778,google-cloud-nl,
3779,arima,
3780,cross-validation,
3781,comparison,
3782,wget,
3783,psutil,
3784,jax-rs,
3785,gitlab-ci-runner,
3786,moleculer,
3787,hdfs,
3788,hadoop2,
3789,complex-data-types,
3790,google-colaboratory,
3791,language-detection,
3792,google-earth-engine,
3793,kaggle,
3794,buttonclick,
3795,ancestor,
3796,reversing,
3797,firmware,
3798,numba,
3799,dtd,
3800,xhtml,
3801,spring-session,
3802,spring-cloud-connectors,
3803,spring-data-elasticsearch,
3804,endianness,
3805,mochawesome,
3806,enzyme,
3807,gnuradio,
3808,gnuradio-companion,
3809,ignore,
3810,broadcast,
3811,multicast,
3812,bazel,
3813,density-plot,
3814,grafana,
3815,prometheus,
3816,promql,
3817,graphite,
3818,url-parameters,
3819,grafana-api,
3820,appkit,
3821,ravendb,
3822,ravendb-studio,
3823,ravendb4,
3824,raven,
3825,ag-grid-react,
3826,jenkins-groovy,
3827,jenkins-cli,
3828,jenkins-build-flow,
3829,logstash,
3830,logstash-grok,
3831,logstash-configuration,
3832,logstash-file,
3833,logstash-forwarder,
3834,authorize.net,
3835,magento2,
3836,lazy-initialization,
3837,ssms-18,
3838,ambari,
3839,blueprint,
3840,hdp,
3841,webassembly,
3842,blazor-client-side,
3843,opencv3.0,
3844,self-invoking-function,
3845,conduit,
3846,editor,
3847,kibana,
3848,replication,
3849,high-availability,
3850,elasticsearch-painless,
3851,lucene,
3852,filebeat,
3853,geopoints,
3854,elasticsearch-java-api,
3855,elasticsearch-percolate,
3856,attributes,
3857,multistore,
3858,azure-artifacts,
3859,allocation,
3860,react-three-fiber,
3861,react-testing-library,
3862,monorepo,
3863,wallaby.js,
3864,amazon-eks,
3865,aws-eks,
3866,eks,
3867,kubectl,
3868,aws-iam-authenticator,
3869,melt,
3870,powerline,
3871,popup,
3872,alphabetical,
3873,catalina,
3874,cocoa,
3875,delete-file,
3876,packagist,
3877,craftcms,
3878,cluster-analysis,
3879,coefficients,
3880,bug-tracking,
3881,issue-tracking,
3882,fogbugz,
3883,direct2d,
3884,chart.js,
3885,chartjs-plugin-zoom,
3886,grid-search,
3887,hyperparameters,
3888,resttemplate,
3889,umbraco,
3890,picker,
3891,dfs,
3892,adyen,
3893,crystal-reports,
3894,continuous-integration,
3895,cube.js,
3896,verilog,
3897,vivado,
3898,rom,
3899,host,
3900,chalk,
3901,automl,
3902,h2o,
3903,ode45,
3904,sensor,
3905,proximitysensor,
3906,equals,
3907,glide,
3908,schedule,
3909,sysfs,
3910,key-value,
3911,implementation,
3912,lowercase,
3913,huffman-code,
3914,apache-camel,
3915,wordpress-rest-api,
3916,cdn,
3917,core-data,
3918,utf-16,
3919,corestore,
3920,core-data-migration,
3921,gravity-forms-plugin,
3922,elementor,
3923,godaddy-api,
3924,es6-promise,
3925,clojure,
3926,clojurescript,
3927,clojurescript-javascript-interop,
3928,shadow-cljs,
3929,fulcro,
3930,lxml,
3931,glibc,
3932,alias,
3933,mapbox-gl,
3934,vector-tiles,
3935,hue,
3936,unix-timestamp,
3937,orc,
3938,automapper-7,
3939,jq,
3940,communication,
3941,filepond,
3942,gtk3,
3943,gtk-rs,
3944,glib,
3945,groovy,
3946,micronaut,
3947,groovyclassloader,
3948,array-splice,
3949,nvenc,
3950,hevc,
3951,wasm-bindgen,
3952,ffmpeg.js,
3953,http-live-streaming,
3954,m3u8,
3955,hls.js,
3956,ppi,
3957,azure-tablequery,
3958,subject,
3959,self-referencing-table,
3960,.net-core-2.2,
3961,user-defined-types,
3962,diff,
3963,typescript-typings,
3964,typescript-generics,
3965,bar-chart,
3966,confidence-interval,
3967,data.table,
3968,non-standard-evaluation,
3969,difference,
3970,viewmodel,
3971,viewmodelproviders,
3972,kotlin-dokka,
3973,tornadofx,
3974,gsap,
3975,koa2,
3976,chi-squared,
3977,log-likelihood,
3978,activerecord,
3979,redmine,
3980,redmine-plugins,
3981,deprecation-warning,
3982,migrate,
3983,typescript-compiler-api,
3984,typescript-types,
3985,jmeter,
3986,cloudflare,
3987,semantics,
3988,script-fu,
3989,evaluation,
3990,interpretation,
3991,gradient,
3992,callcc,
3993,cross-browser,
3994,forms-authentication,
3995,cypress,
3996,akka-stream,
3997,emacs,
3998,interactive,
3999,fabricjs,
4000,ciimage,
4001,instanceof,
4002,channel,
4003,bigtable,
4004,google-cloud-bigtable,
4005,ag-grid,
4006,keyboard,
4007,dismiss,
4008,dismissviewcontroller,
4009,mesh,
4010,point-clouds,
4011,octree,
4012,symfony1,
4013,symfony-1.4,
4014,symfony-forms,
4015,twig-extension,
4016,google-kubernetes-engine,
4017,google-iam,
4018,google-cloud-stackdriver,
4019,google-cloud-pubsub,
4020,gpu,
4021,putty,
4022,core-image,
4023,backslash,
4024,damerau-levenshtein,
4025,azure-iot-sdk,
4026,azure-iot-hub-device-management,
4027,adal,
4028,adal.js,
4029,configuration,
4030,endpoint,
4031,solr,
4032,dataimporthandler,
4033,cv2,
4034,azure-application-insights,
4035,pom.xml,
4036,nexus,
4037,sonatype,
4038,nexus3,
4039,mulesoft,
4040,soapui,
4041,phoenix-framework,
4042,phoenix-channels,
4043,currency-exchange-rates,
4044,business-logic,
4045,adonis.js,
4046,owasp,
4047,ntlm-authentication,
4048,context-switch,
4049,bixby,
4050,bixbystudio,
4051,gnustep,
4052,boot,
4053,lettuce,
4054,embedded-linux,
4055,hardware,
4056,pci-e,
4057,bus,
4058,eager-execution,
4059,gwt,
4060,jetty-9,
4061,mutual-authentication,
4062,embedded-jetty,
4063,download,
4064,dask,
4065,dask-distributed,
4066,bitmapfactory,
4067,mule-component,
4068,concat,
4069,listagg,
4070,auto-value,
4071,dygraphs,
4072,systemctl,
4073,systemd,
4074,content-assist,
4075,corpus,
4076,mockmvc,
4077,numeric,
4078,google-books,
4079,sharepoint-search,
4080,sharepoint-2013,
4081,sharepoint-online,
4082,spfx,
4083,discord.py-rewrite,
4084,bytesio,
4085,grails,
4086,gretty,
4087,netbeans-11,
4088,normalization,
4089,confluence-rest-api,
4090,antiforgerytoken,
4091,shipping,
4092,babylonjs,
4093,array-formulas,
4094,counting,
4095,proxytunnel,
4096,android-install-apk,
4097,parameterization,
4098,ticket-system,
4099,pyautogui,
4100,esxi,
4101,saml-2.0,
4102,bison,
4103,interpreter,
4104,lex,
4105,distributed-system,
4106,scalaz-zio,
4107,zio-test,
4108,scalatest,
4109,geometry,
4110,imu,
4111,octave,
4112,computer-vision,
4113,openfaces,
4114,amazon-sns,
4115,amazon-sqs,
4116,atomic,
4117,constraints,
4118,linear-programming,
4119,autocomplete,
4120,plsqldeveloper,
4121,doc2vec,
4122,miniconda,
4123,kubeadm,
4124,flannel,
4125,commit,
4126,phaser-framework,
4127,phaser,
4128,bitwise-and,
4129,connection-pooling,
4130,cumsum,
4131,exchangewebservices,
4132,outlook-api,
4133,dbpedia,
4134,sparql,
4135,rdf,
4136,virtuoso,
4137,marklogic,
4138,ab-testing,
4139,collections,
4140,custom-compare,
4141,flowtype,
4142,foursquare,
4143,application.properties,
4144,avaya,
4145,guzzle,
4146,ajaxcontroltoolkit,
4147,yolo,
4148,bundler,
4149,window.location,
4150,web-mediarecorder,
4151,automata,
4152,dfa,
4153,nfa,
4154,kernel-density,
4155,google-maps-api-3,
4156,compiler-construction,
4157,access-vba,
4158,character-encoding,
4159,decoding,
4160,performancecounter,
4161,perf,
4162,avr,
4163,hsqldb,
4164,file-permissions,
4165,modelica,
4166,openmodelica,
4167,apache-poi,
4168,data-driven,
4169,proc-sql,
4170,outlook-vba,
4171,admin,
4172,dashboard,
4173,editing,
4174,strong-named-key,
4175,apify,
4176,jpa-criteria,
4177,nreco,
4178,appsync-apollo-client,
4179,ads,
4180,greasemonkey,
4181,adblock,
4182,sql-server-2017,
4183,sql-server-agent,
4184,ssrs-2008,
4185,rebuild,
4186,preload,
4187,axis,
4188,histogram,
4189,gcsfuse,
4190,gsutil,
4191,data-transfer,
4192,innodb,
4193,matillion,
4194,bytecode,
4195,desktop,
4196,mqtt,
4197,mqtt-vernemq,
4198,react-highcharts,
4199,decompiling,
4200,forge,
4201,rails-admin,
4202,pundit,
4203,doctrine,
4204,doctrine-odm,
4205,pimcore,
4206,doctrine-query,
4207,formbuilder,
4208,rank,
4209,powerbi-desktop,
4210,star-schema,
4211,android-sdk-tools,
4212,apply,
4213,quanteda,
4214,deployment,
4215,ejb,
4216,clear,
4217,strip,
4218,shopify-template,
4219,akka.net,
4220,rebalancing,
4221,confluent-control-center,
4222,asp.net-webhooks,
4223,asp.net-web-api-helppages,
4224,asp.net-authorization,
4225,random-effects,
4226,binary-search-tree,
4227,p12,
4228,twitter4j,
4229,arrow-functions,
4230,macos-sierra,
4231,unison,
4232,hyper-v,
4233,firewalld,
4234,pika,
4235,cairo,
4236,getelementsbyclassname,
4237,decision-tree,
4238,external-script,
4239,intel-mkl,
4240,tensor-indexing,
4241,amazon-dynamodb,
4242,amazon-dynamodb-streams,
4243,aws-java-sdk,
4244,secondary-indexes,
4245,rxjs6,
4246,rxjs-observables,
4247,quasar-framework,
4248,dotenv,
4249,either,
4250,geopandas,
4251,bit-shift,
4252,backtracking,
4253,pack,
4254,sha,
4255,shared-secret,
4256,width,
4257,bytestream,
4258,h2,
4259,android-keypad,
4260,cpanel,
4261,connectivity,
4262,netmiko,
4263,date-range,
4264,odbc,
4265,copy,
4266,data-transform,
4267,yocto,
4268,qtquick2,
4269,bitbake,
4270,amazon-cloudwatch,
4271,apache-httpclient-4.x,
4272,freshdesk,
4273,boolean-expression,
4274,native-base,
4275,qualtrics,
4276,survey,
4277,coreshop,
4278,sh,
4279,bucket,
4280,addressing-mode,
4281,mediastore,
4282,persistence,
4283,uislider,
4284,netlogo,
4285,hubnet,
4286,odoo-12,
4287,eeglab,
4288,ibm-mq,
4289,sub-array,
4290,toml,
4291,pg-promise,
4292,xcode-storyboard,
4293,directed-graph,
4294,box2d,
4295,crypt,
4296,client-server,
4297,microsoft-teams,
4298,domain-driven-design,
4299,hexagonal-architecture,
4300,anti-patterns,
4301,analytics,
4302,ansible-awx,
4303,pyomo,
4304,coin-or-cbc,
4305,coin-or,
4306,acra,
4307,.net-standard,
4308,polygon,
4309,clip,
4310,edge,
4311,data-layers,
4312,health-kit,
4313,hkhealthstore,
4314,taxonomy,
4315,appinsights,
4316,nsuserdefaults,
4317,nsmutabledictionary,
4318,nsmutableset,
4319,fdf,
4320,blackjack,
4321,writable,
4322,object-properties,
4323,readable,
4324,bloc,
4325,sudo,
4326,bipartite,
4327,amazon-lightsail,
4328,multiple-domains,
4329,caret,
4330,google-search,
4331,google-search-api,
4332,google-search-console,
4333,aio-mysql,
4334,anki,
4335,ms-access-2016,
4336,asyncio,
4337,pyside2,
4338,agda,
4339,lean,
4340,web-push,
4341,http-status-code-404,
4342,arm-template,
4343,cakephp-3.0,
4344,eslintrc,
4345,ide,
4346,apache-flink,
4347,rocksdb,
4348,metacpan,
4349,checkmark,
4350,2d,
4351,collision-detection,
4352,collider,
4353,epplus,
4354,zshrc,
4355,fish,
4356,nix,
4357,nixos,
4358,deployment-target,
4359,cascade,
4360,aggregation,
4361,fragment-shader,
4362,imx6,
4363,ds-5,
4364,ubuntu-14.04,
4365,htmlspecialchars,
4366,cheerio,
4367,load-data-infile,
4368,docusignapi,
4369,webhooks,
4370,hmac,
4371,designer,
4372,powerpoint,
4373,slideshow,
4374,ibm-doors,
4375,dictionary-comprehension,
4376,console.log,
4377,eager-loading,
4378,coordinates,
4379,geocoding,
4380,callable-statement,
4381,database-metadata,
4382,cmdlet,
4383,adapter,
4384,np,
4385,gmsmapview,
4386,huawei,
4387,bootstrap-datetimepicker,
4388,grib,
4389,pygrib,
4390,intel-fortran,
4391,fortran77,
4392,gmail-api,
4393,gmail-addons,
4394,google-apps-script-editor,
4395,dao,
4396,cloud-hosting,
4397,osticket,
4398,ascii,
4399,flow,
4400,kdoc,
4401,raku,
4402,secret-key,
4403,intersection-observer,
4404,net-snmp,
4405,snmp,
4406,iunknown,
4407,xslt-1.0,
4408,xslt-2.0,
4409,crm,
4410,dynamics-crm,
4411,string-literals,
4412,draggable,
4413,finetunning,
4414,append,
4415,elixir,
4416,phoenix-live-view,
4417,ets,
4418,datamapper,
4419,annotations,
4420,birt,
4421,dynamic-sql,
4422,linguistics,
4423,actions-on-google,
4424,cdata,
4425,rspec,
4426,iot,
4427,low-latency,
4428,discrete-mathematics,
4429,apache-httpcomponents,
4430,opencl,
4431,llvm,
4432,ptx,
4433,llvm-clang,
4434,spir-v,
4435,classcastexception,
4436,config,
4437,node-request,
4438,chrome-debugging,
4439,primary-key,
4440,crud,
4441,sign-in-with-apple,
4442,mingw32,
4443,syntax-highlighting,
4444,drilldown,
4445,hard-drive,
4446,bpy,
4447,specifications,
4448,react-fullstack,
4449,aapt,
4450,client-library,
4451,mininet,
4452,sdn,
4453,onos,
4454,ddos,
4455,denial-of-service,
4456,snort,
4457,flooding,
4458,bouncycastle,
4459,arrows,
4460,environment-modules,
4461,dateformatter,
4462,jms,
4463,message-queue,
4464,db2-luw,
4465,roll-forward,
4466,db2-400,
4467,pcap,
4468,activemq,
4469,kahadb,
4470,messagebroker,
4471,drupal-modules,
4472,drupal-views,
4473,cart,
4474,conditional-split,
4475,shuffle,
4476,data-extraction,
4477,hsv,
4478,netsuite,
4479,suitescript,
4480,suitescript2.0,
4481,amazon-elasticsearch,
4482,trust,
4483,code-documentation,
4484,blockchain,
4485,gamekit,
4486,typo3-8.x,
4487,typoscript,
4488,typo3-extensions,
4489,automapper,
4490,sql-insert,
4491,composite-primary-key,
4492,dapper-extensions,
4493,html5-audio,
4494,direct-line-botframework,
4495,decode,
4496,encode,
4497,hashcode,
4498,2d-games,
4499,kops,
4500,eksctl,
4501,geb,
4502,ora-01722,
4503,qabstractlistmodel,
4504,listmodel,
4505,ant,
4506,antd,
4507,rgb,
4508,nonlinear-optimization,
4509,computational-geometry,
4510,distribution,
4511,mxnet,
4512,pycuda,
4513,floydhub,
4514,cgcontext,
4515,fbs,
4516,cleardb,
4517,harp.gl,
4518,adb,
4519,border,
4520,dax,
4521,measure,
4522,devtools,
4523,curses,
4524,mfa,
4525,forestplot,
4526,bokeh,
4527,amazon-quicksight,
4528,ipc,
4529,erlang,
4530,otp,
4531,batch-processing,
4532,alexa,
4533,alexa-skills-kit,
4534,alexa-skill,
4535,html-to-pdf,
4536,fstab,
4537,a-star,
4538,require-once,
4539,spring-integration,
4540,spring-jms,
4541,heatmap,
4542,polar-coordinates,
4543,cartesian-coordinates,
4544,hazelcast,
4545,keep-alive,
4546,ssrs-2012,
4547,ssrs-tablix,
4548,rectangles,
4549,hl7,
4550,app-service-environment,
4551,dropbox-api,
4552,swiftydropbox,
4553,adaptive-cards,
4554,session-variables,
4555,custom-fields,
4556,ldap,
4557,jhipster-registry,
4558,reset,
4559,internationalization,
4560,database-performance,
4561,data-augmentation,
4562,database-restore,
4563,azure-deployment,
4564,i,
4565,coq,
4566,ssreflect,
4567,spotfire,
4568,spotfire-webplayer,
4569,activation,
4570,fpdf,
4571,explode,
4572,criteria-api,
4573,powerapps,
4574,amazon-cloudformation,
4575,vagrant,
4576,virtualbox,
4577,gimp,
4578,flux,
4579,alert,
4580,chartjs-2.6.0,
4581,cuba-platform,
4582,freemarker,
4583,assert,
4584,elementtree,
4585,autodesk-forge,
4586,autodesk-viewer,
4587,autodesk-model-derivative,
4588,revit,
4589,pos,
4590,xmlrpclib,
4591,odoo-website,
4592,default,
4593,automated-tests,
4594,galen,
4595,microsoft-test-manager,
4596,mkmapviewdelegate,
4597,mkannotation,
4598,mkannotationview,
4599,autodesk-designautomation,
4600,file-conversion,
4601,branding,
4602,delegates,
4603,d,
4604,logistic-regression,
4605,graphlookup,
4606,deep-copy,
4607,oozie,
4608,oozie-workflow,
4609,gsm,
4610,multiplexing,
4611,serial-communication,
4612,msp430,
4613,csom,
4614,project-server,
4615,microsoft-project-vba,
4616,big-o,
4617,delaunay,
4618,account,
4619,ecm,
4620,dataweave,
4621,asp-classic,
4622,ibm-cloud,
4623,ibm-cloud-infrastructure,
4624,parametric-polymorphism,
4625,programming-languages,
4626,react-modal,
4627,hana,
4628,hana-studio,
4629,escaping,
4630,contour,
4631,app-search,
4632,keyof,
4633,dynamics-365,
4634,dynamics-365-operations,
4635,lookupfield,
4636,datastax,
4637,exchange-server-2007,
4638,ad-hoc-network,
4639,wireless,
4640,http4s,
4641,forecasting,
4642,forecast,
4643,amazon-cloudfront,
4644,feature-selection,
4645,aurelia,
4646,aurelia-framework,
4647,aurelia-templating,
4648,mailer,
4649,aframe,
4650,admob,
4651,gettext,
4652,coldfusion,
4653,coldfusion-11,
4654,lucee,
4655,coldfusion-2016,
4656,cfpdf,
4657,data-conversion,
4658,format-conversion,
4659,bookshelf.js,
4660,image-recognition,
4661,realitykit,
4662,alignment,
4663,snowflake-connector-python,
4664,cf-cli,
4665,cloudfoundry,
4666,data-cleaning,
4667,connection,
4668,add-on,
4669,date-comparison,
4670,database-trigger,
4671,here-maps-rest,
4672,imessage-extension,
4673,autolayout,
4674,react-final-form,
4675,graph-algorithm,
4676,glassfish,
4677,eclipselink,
4678,block,
4679,helper,
4680,cucumber,
4681,gruntjs,
4682,cucumberjs,
4683,grunt-contrib-jshint,
4684,macos-mojave,
4685,cargo,
4686,flatpickr,
4687,nvidia,
4688,beta,
4689,android-enterprise,
4690,android-management-api,
4691,handshake,
4692,dtls,
4693,gulp,
4694,gulp-watch,
4695,gulp-uglify,
4696,dummy-variable,
4697,ghc,
4698,pymssql,
4699,aar,
4700,base,
4701,crosstab,
4702,actionscript-3,
4703,air,
4704,adobe-animate,
4705,animate.css,
4706,actionscript,
4707,abstract,
4708,angular-testing,
4709,dblink,
4710,apache-spark-mllib,
4711,fedora,
4712,gnome,
4713,gdm,
4714,inner-join,
4715,rails-activerecord,
4716,database-view,
4717,pyqt4,
4718,folium,
4719,boost-variant,
4720,applepay,
4721,amibroker,
4722,assign,
4723,offline-mode,
4724,handlebars.js,
4725,counter,
4726,session-timeout,
4727,freeradius,
4728,mikrotik,
4729,sails.io.js,
4730,cmusphinx,
4731,pocketsphinx,
4732,sequelize-typescript,
4733,sequelize-auto,
4734,chilkat,
4735,eval,
4736,lexical-scope,
4737,smoke-testing,
4738,cross-platform,
4739,syncfusion,
4740,crawlera,
4741,vcl,
4742,azure-blockchain-workbench,
4743,azureblockchainservice,
4744,ace-editor,
4745,construct-2,
4746,localauthentication,
4747,paypal-sandbox,
4748,elf,
4749,filezilla,
4750,ocean,
4751,digital,
4752,debounce,
4753,lookup,
4754,sql-execution-plan,
4755,database-cursor,
4756,cxf,
4757,maccatalyst,
4758,nonetype,
4759,closed-captions,
4760,driver,
4761,ahci,
4762,adobe,
4763,contenteditable,
4764,line-drawing,
4765,octobercms,
4766,octobercms-plugins,
4767,octobercms-user-plugin,
4768,skvideonode,
4769,contact-form-7,
4770,springfox,
4771,hashtag,
4772,bootstrapvalidator,
4773,burp,
4774,alamofire,
4775,alamofireimage,
4776,sonarqube5.1,
4777,sonar-runner,
4778,deobfuscation,
4779,python-docx,
4780,navigationbar,
4781,master-detail,
4782,angular-cdk-virtual-scroll,
4783,color-tracking,
4784,netconf,
4785,opendaylight,
4786,automatic-ref-counting,
4787,ellipse,
4788,akka,
4789,akka-http,
4790,alpine,
4791,reactor-netty,
4792,image-stitching,
4793,opencv-stitching,
4794,stitch,
4795,autoformatting,
4796,display,
4797,react-test-renderer,
4798,featuretools,
4799,feature-engineering,
4800,ember-simple-auth,
4801,ember.js,
4802,ember-testing,
4803,alphavantage,
4804,path-parameter,
4805,adventure,
4806,android-service,
4807,copy-paste,
4808,amazon-cloudwatchlogs,
4809,photo-upload,
4810,autodesk,
4811,autodesk-data-management,
4812,custom-controls,
4813,aruco,
4814,nodemailer,
4815,bcrypt,
4816,caliburn.micro,
4817,ddl,
4818,hang,
4819,datetimepicker,
4820,os.path,
4821,glimmer.js,
4822,ember-octane,
4823,opentracing,
4824,spring-cloud-sleuth,
4825,apple-watch,
4826,accessor,
4827,hint,
4828,praw,
4829,js-xlsx,
4830,bios,
4831,apple-push-notifications,
4832,queryover,
4833,google-cloud-dataflow,
4834,apache-beam,
4835,amazon-rekognition,
4836,traefik-ingress,
4837,doparallel,
4838,plyr,
4839,google-maps-sdk-ios,
4840,cpu-usage,
4841,sonarlint,
4842,sonarlint-vs,
4843,xv6,
4844,cisco,
4845,cisco-ios,
4846,adminlte,
4847,factors,
4848,avfoundation,
4849,forward,
4850,forwarding,
4851,carrierwave,
4852,hierarchical-bayesian,
4853,kerberos,
4854,gams-math,
4855,nltk-book,
4856,active-directory,
4857,amazon-emr,
4858,node-mysql2,
4859,differential-evolution,
4860,autoencoder,
4861,centering,
4862,drupal,
4863,drupal-7,
4864,drush,
4865,pantheon,
4866,rsync,
4867,cp,
4868,fancybox,
4869,apache-nifi,
4870,aes,
4871,aes-gcm,
4872,gethostbyaddr,
4873,apache-tika,
4874,dynamic-properties,
4875,n-gram,
4876,busy-waiting,
4877,alsa,
4878,introspection,
4879,centos6,
4880,node-red,
4881,moya,
4882,ant-design-pro,
4883,binaryfiles,
4884,imgur,
4885,mode,
4886,nvprof,
4887,nvvp,
4888,gcp-ai-platform-training,
4889,bitrise,
4890,characteristics,
4891,bleno,
4892,abaqus,
4893,clean-architecture,
4894,timelion,
4895,grok,
4896,audio-recording,
4897,rtaudio,
4898,at-command,
4899,pdb,
4900,classloader,
4901,microsoft-cognitive,
4902,speech,
4903,dom-manipulation,
4904,allure,
4905,bayesian,
4906,hotlinking,
4907,arkit,
4908,aspnetboilerplate,
4909,bookdown,
4910,database-security,
4911,gridsplitter,
4912,genetics,
4913,alfresco,
4914,cross-domain,
4915,splunk-query,
4916,researchkit,
4917,.a,
4918,ios-library,
4919,google-signin,
4920,uilabel,
4921,mybb,
4922,string-interpolation,
4923,probe,
4924,blurry,
4925,serverless,
4926,addeventlistener,
4927,built-in,
4928,cucm,
4929,msmq,
4930,msmq-wcf,
4931,acumatica,
4932,acumatica-kb,
4933,c14n,
4934,petapoco,
4935,aws-cloud9,
4936,react-proptypes,
4937,ms-project,
4938,factorial,
4939,case-sensitive,
4940,kube-proxy,
4941,kubeflow,
4942,mql4,
4943,mql5,
4944,mt4,
4945,metatrader4,
4946,metatrader5,
4947,finalizer,
4948,gojs,
4949,form-for,
4950,belongs-to,
4951,domaincontroller,
4952,aesthetics,
4953,applescript,
4954,dam,
4955,aws-codepipeline,
4956,markov-chains,
4957,aggregate-functions,
4958,bootloader,
4959,intel-pmu,
4960,code-formatting,
4961,id,
4962,conditional-formatting,
4963,browserify,
4964,enum-flags,
4965,html5-history,
4966,hexo,
4967,orange,
4968,angle,
4969,acid,
4970,cesium,
4971,extends,
4972,tinymce-4,
4973,hotkeys,
4974,amazon-cloudsearch,
4975,sshd,
4976,orca,
4977,tsc,
4978,tsconfig,
4979,navigationcontroller,
4980,vue-test-utils,
4981,cran,
4982,aws-parameter-store,
4983,build-error,
4984,bootstrap-tags-input,
4985,google-api-python-client,
4986,firefox-addon,
4987,firefox-webextensions,
4988,custom-taxonomy,
4989,libvlc,
4990,benchmarking,
4991,mpi4py,
4992,pipenv,
4993,perlin-noise,
4994,microsoft-graph-toolkit,
4995,flann,
4996,argparse,
4997,getopts,
4998,geofencing,
4999,detox,
5000,distance,
5001,corruption,
5002,email-address,
5003,netcdf4,
5004,haproxy,
5005,custom-wordpress-pages,
5006,motherboard,
5007,asus,
5008,realm,
5009,beagleboneblack,
5010,nextval,
5011,currval,
5012,rollupjs,
5013,margins,
5014,imshow,
5015,broker,
5016,hivemq,
5017,mom,
5018,firebird,
5019,google-apis-explorer,
5020,gradient-descent,
5021,vis.js,
5022,vis.js-network,
5023,file-transfer,
5024,delayed-execution,
5025,jmeter-plugins,
5026,qwebelement,
5027,file-storage,
5028,time-to-first-byte,
5029,pylint,
5030,qpainterpath,
5031,equation,
5032,equation-solving,
5033,ackermann,
5034,node-sass,
5035,kable,
5036,kableextra,
5037,increment,
5038,apache-superset,
5039,file-management,
5040,onsen-ui,
5041,onsen-ui2,
5042,autodesk-bim360,
5043,bitbucket-pipelines,
5044,classnotfoundexception,
5045,case,
5046,hal-json,
5047,spring-data-rest,
5048,configmap,
5049,react-state,
5050,watson-assistant,
5051,watson-discovery,
5052,gis,
5053,for-in-loop,
5054,circuit-breaker,
5055,resilience4j,
5056,360-virtual-reality,
5057,.net-4.5,
5058,choropleth,
5059,draftjs,
5060,draft-js-plugins,
5061,checksum,
5062,credit-card,
5063,luhn,
5064,check-digit,
5065,assertion,
5066,cloudinary,
5067,documentationjs,
5068,enterprise-architect,
5069,core-nfc,
5070,ipados13,
5071,binning,
5072,roleprovider,
5073,apexcharts,
5074,amazon-redshift-spectrum,
5075,corda,
5076,dropwizard,
5077,appscript,
5078,date-arithmetic,
5079,parameter-expansion,
5080,beeline,
5081,code-signing-certificate,
5082,dropzone.js,
5083,expectation-maximization,
5084,crossfilter,
5085,dc.js,
5086,imagemagick,
5087,color-detection,
5088,ide-customization,
5089,android-studio-3.5.1,
5090,action,
5091,opencv4,
5092,keylogger,
5093,acrobat,
5094,automator,
5095,hierarchical,
5096,ubuntu-server,
5097,intersystems-cache,
5098,sap,
5099,sap-cloud-platform,
5100,google-chrome-app,
5101,nested-table,
5102,nameerror,
5103,spring-social,
5104,spring-social-google,
5105,google-oauth,
5106,cro,
5107,causality,
5108,dexie,
5109,dexiejs,
5110,ampscript,
5111,duration,
5112,anchor,
5113,clappr,
5114,extent,
5115,busboy,
5116,google-authenticator,
5117,mailto,
5118,matrix-multiplication,
5119,code-signing,
5120,pickerview,
5121,3nf,
5122,ord,
5123,children,
5124,levelplot,
5125,interpolation,
5126,intervals,
5127,linear-interpolation,
5128,backgroundworker,
5129,blogger,
5130,async.js,
5131,conditional-aggregation,
5132,monit,
5133,activereports,
5134,hikaricp,
5135,gif,
5136,artifactory,
5137,jfrog-cli,
5138,dism,
5139,ctypes,
5140,eclipse-hono,
5141,archetypes,
5142,codenameone,
5143,lmfit,
5144,email-validation,
5145,forgot-password,
5146,keycloak,
5147,castle,
5148,castle-windsor,
5149,auth0,
5150,combine,
5151,email-ext,
5152,crouton-os,
5153,chrome-webrequest,
5154,des,
5155,asciidoc,
5156,asciidoctor,
5157,actioncable,
5158,logarithm,
5159,babeljs,
5160,creative-cloud,
5161,curve-fitting,
5162,bootstrapping,
5163,lme4,
5164,identifier,
5165,calculated-columns,
5166,reportserver,
5167,power-bi-report-server,
5168,code-snippets,
5169,cxf-xjc-plugin,
5170,double-quotes,
5171,conflict,
5172,mutability,
5173,algebra,
5174,c++-cli,
5175,clr,
5176,facebook-pixel,
5177,canvasjs,
5178,hostname,
5179,static-ip-address,
5180,dhcp,
5181,pathlib,
5182,batman-adv,
5183,formidable,
5184,hdf5,
5185,ld-preload,
5186,googlebot,
5187,attunity,
5188,icmp,
5189,loopback4,
5190,mongo-shell,
5191,dft,
5192,adsense,
5193,adsense-api,
5194,cognos,
5195,cognos-10,
5196,apache2.4,
5197,apache2.2,
5198,coffeescript,
5199,asset-pipeline,
5200,axis-labels,
5201,knn,
5202,genetic-algorithm,
5203,evolutionary-algorithm,
5204,deap,
5205,clasp,
5206,reportbuilder3.0,
5207,query-designer,
5208,answer-set-programming,
5209,dot,
5210,graphviz,
5211,diagonal,
5212,jackson-databind,
5213,fasterxml,
5214,teamcity,
5215,visual-studio-2017-build-tools,
5216,youtrack,
5217,authenticity-token,
5218,finance,
5219,freepascal,
5220,appdynamics,
5221,eoferror,
5222,asn.1,
5223,preview,
5224,intune,
5225,pygsheets,
5226,artifact,
5227,asmx,
5228,bond,
5229,newline,
5230,application-server,
5231,admin-on-rest,
5232,google-cloud-automl,
5233,libsvm,
5234,html-framework-7,
5235,nunit,
5236,specflow,
5237,google-map-react,
5238,clipping,
5239,doctrine-orm,
5240,backbarbuttonitem,
5241,floating,
5242,bigint,
5243,gitlab-omnibus,
5244,gitlab-ee,
5245,progress-bar,
5246,closest,
5247,getattribute,
5248,appdelegate,
5249,autologin,
5250,event-viewer,
5251,loadrunner,
5252,ehcache-3,
5253,elasticsearch-api,
5254,azure-machine-learning-service,
5255,azure-managed-identity,
5256,parameter-sets,
5257,discovery,
5258,data-warehouse,
5259,file-processing,
5260,elmish,
5261,lapply,
5262,decorator,
5263,parentheses,
5264,google-coral,
5265,eel,
5266,pyenv,
5267,import-module,
5268,inno-setup,
5269,pascalscript,
5270,foxpro,
5271,indexeddb,
5272,360-panorama-viewer,
5273,i18next,
5274,react-i18next,
5275,clos,
5276,common-lisp,
5277,body-parser,
5278,containerd,
5279,k3s,
5280,e2e-testing,
5281,angular-e2e,
5282,kanban,
5283,atl,
5284,delimited-text,
5285,colormap,
5286,atom-editor,
5287,dense-rank,
5288,ranking-functions,
5289,portforwarding,
5290,libpcap,
5291,cache-control,
5292,access-violation,
5293,hystrix,
5294,datefilter,
5295,archive,
5296,lazy-evaluation,
5297,partialfunction,
5298,binaryreader,
5299,bcp,
5300,cordova-plugin-fcm,
5301,registrykey,
5302,assembly-binding-redirect,
5303,predict,
5304,lightgbm,
5305,google-cloud-monitoring,
5306,alembic,
5307,dbus,
5308,dbus-python,
5309,graph-databases,
5310,gremlin,
5311,azure-cosmosdb-gremlinapi,
5312,orangehrm,
5313,dbi,
5314,scheduled-tasks,
5315,shedlock,
5316,asp.net-web-api2,
5317,react-table,
5318,react-window,
5319,cap-theorem,
5320,ckeditor,
5321,ibm-connections,
5322,hcl,
5323,color-space,
5324,borrow,
5325,cfwheels,
5326,debian-based,
5327,pic,
5328,mplab,
5329,flatbuffers,
5330,freerdp,
5331,diagram,
5332,flowchart,
5333,mermaid,
5334,cursors,
5335,devise,
5336,dotliquid,
5337,dataprovider,
5338,laravel-5.6,
5339,formatter,
5340,device-driver,
5341,inf,
5342,device-manager,
5343,lightning,
5344,generator,
5345,builder,
5346,nerdtree,
5347,json2html,
5348,fromjson,
5349,android-camera,
5350,oracledb,
5351,common-table-expression,
5352,dynamicquery,
5353,compiler-warnings,
5354,func,
5355,audit-trail,
5356,azure-pipeline-python-script-task,
5357,apt,
5358,dpkg,